id,first_name,last_name,email,gender,ip_address,birthday,country,car_model,car_model_year
1,Courtney,Manners,cmanners0@exblog.jp,Female,41.26.205.119,2000-08-28,GT,E-Series,1986
2,Hillel,Widdison,hwiddison1@nhs.uk,Male,136.84.148.182,1974-06-21,ID,Avalon,1998
3,Dolli,Grimble,dgrimble2@51.la,Female,83.75.254.18,1990-12-17,ID,Passport,1999
4,Gerhardt,Fitter,gfitter3@salon.com,Male,59.246.30.133,1972-02-04,SL,Metro,1993
5,Donnell,Almond,dalmond4@disqus.com,Male,10.148.96.238,1988-03-26,ID,GTO,1974
6,Loydie,Ailmer,lailmer5@bizjournals.com,Male,47.77.241.119,1978-12-09,PH,M-Class,1999
7,Kalle,O'Rudden,korudden6@nydailynews.com,Male,24.39.103.18,1969-08-23,CN,Bonneville,1984
8,Ede,Letterick,eletterick7@hhs.gov,Genderqueer,137.154.132.26,1995-06-29,CN,Optima,2009
9,Suzi,Juliano,sjuliano8@goodreads.com,Female,211.182.216.15,1967-06-25,CO,Camry,2002
10,Myrwyn,Tomek,mtomek9@aol.com,Male,109.155.160.97,1975-08-28,CA,M6,2009
11,Janeczka,Casarili,jcasarilia@symantec.com,Female,56.226.24.0,1991-07-04,BR,F450,2012
12,Morrie,Taw,mtawb@ca.gov,Male,254.232.89.200,1982-12-15,PL,LR2,2012
13,Florinda,Durnan,fdurnanc@japanpost.jp,Genderfluid,251.116.133.62,1970-11-24,ID,Interceptor,1966
14,Koral,Cardus,kcardusd@vkontakte.ru,Female,70.129.12.231,1989-12-25,MG,Paseo,1995
15,Missy,Ickovici,mickovicie@yandex.ru,Female,167.102.150.50,1984-01-17,AL,MDX,2005
16,Tamqrah,MacConnell,tmacconnellf@qq.com,Female,84.145.155.239,1981-06-14,CN,Accord,2005
17,Nonna,Domelaw,ndomelawg@elpais.com,Female,96.89.159.186,1962-04-29,RU,Ranger,1986
18,Chan,Nock,cnockh@homestead.com,Male,70.126.18.130,1991-12-11,PL,Elise,2011
19,Alyson,Tonnesen,atonneseni@bandcamp.com,Female,198.45.50.6,1987-02-28,PL,430 Scuderia,2008
20,Webster,Pasley,wpasleyj@chronoengine.com,Male,144.246.2.12,1955-10-11,ZA,Seville,1999
21,Johanna,Boij,jboijk@admin.ch,Genderqueer,130.37.110.109,1973-06-07,US,Eldorado,1993
22,Perren,Harte,phartel@ibm.com,Male,170.11.146.225,1981-01-16,IR,A3,2006
23,Amata,Beevis,abeevism@ftc.gov,Female,69.51.105.193,1964-01-30,CN,Ram 3500,2007
24,Thacher,Walkowski,twalkowskin@foxnews.com,Male,75.26.65.115,1957-10-18,ID,Town Car,2003
25,Jacqueline,Kemmons,jkemmonso@mlb.com,Genderfluid,213.18.150.156,1994-02-11,RU,Galant,2005
26,Ulrikaumeko,Meyrick,umeyrickp@shinystat.com,Female,157.147.190.103,1956-01-02,PL,Expedition,2003
27,Peggie,Boddymead,pboddymeadq@qq.com,Female,128.20.169.101,1952-12-07,US,Tacoma Xtra,1997
28,Gayelord,Beltzner,gbeltznerr@sakura.ne.jp,Male,16.16.141.34,1985-01-06,CN,Elantra,1996
29,Talia,Geke,tgekes@angelfire.com,Female,121.152.247.88,1987-11-19,SY,H3,2006
30,Seana,Olivet,solivett@hc360.com,Female,80.130.147.84,1991-01-20,ZM,A6,1997
31,Godwin,Newey,gneweyu@sphinn.com,Male,206.165.186.38,1961-03-14,VN,Dakota Club,2001
32,Shalne,Costellow,scostellowv@gnu.org,Female,109.162.53.168,1971-05-10,MM,Regal,1998
33,Rowe,Orneblow,rornebloww@scribd.com,Female,210.50.243.180,1972-08-27,ZA,Endeavor,2007
34,Nicolina,Rushsorth,nrushsorthx@joomla.org,Female,174.14.11.139,1990-09-12,UA,Impreza,2010
35,Anne,Raulston,araulstony@printfriendly.com,Female,171.168.243.201,1963-12-28,MM,Silverado,2006
36,Kathi,Realph,krealphz@pbs.org,Female,31.225.108.169,1962-07-26,RU,Bronco,1994
37,Jyoti,Jumeau,jjumeau10@gov.uk,Female,158.108.141.39,1960-03-15,ID,Grand Caravan,1996
38,Teddy,Barnwall,tbarnwall11@ameblo.jp,Female,126.12.75.141,1989-03-08,CN,H3,2009
39,Tommy,Endecott,tendecott12@boston.com,Female,219.54.219.64,1957-08-01,ID,M6,2007
40,Arturo,D'Orsay,adorsay13@sogou.com,Male,126.122.122.96,1981-10-23,ID,Sable,1993
41,Esmaria,Dowzell,edowzell14@sun.com,Female,145.90.32.87,1962-09-29,RU,Sonata,2012
42,Chloe,Murdy,cmurdy15@tripod.com,Female,180.90.92.72,1958-07-30,MY,Expedition,2006
43,Ludwig,Di Carlo,ldicarlo16@pagesperso-orange.fr,Male,120.249.253.63,1993-05-06,ID,Riviera,1991
44,Randa,Howard - Gater,rhowardgater17@fc2.com,Female,104.22.156.154,1964-03-26,CN,Tiguan,2010
45,Isaac,Binnion,ibinnion18@stanford.edu,Male,27.124.83.137,1976-12-17,JP,Trooper,1994
46,Una,Pach,upach19@imageshack.us,Genderfluid,34.218.122.249,1967-04-27,GR,Esprit,1989
47,Mickey,Gumery,mgumery1a@chronoengine.com,Agender,136.87.23.146,1991-11-26,BR,SC,1997
48,Aubrette,Chrismas,achrismas1b@shop-pro.jp,Female,227.115.196.94,1979-08-29,CN,Grand Prix,1991
49,Mimi,Ellen,mellen1c@google.com,Female,76.9.66.116,1961-09-03,BO,Sportvan G30,1993
50,Rubetta,Lum,rlum1d@umn.edu,Female,255.14.59.4,1960-05-08,CN,TL,2010
51,Frankie,Cominoli,fcominoli1e@ezinearticles.com,Male,162.98.174.45,1956-06-13,FI,PT Cruiser,2002
52,Thomasine,Kienlein,tkienlein1f@sfgate.com,Female,33.15.50.31,1957-04-02,RU,Navajo,1992
53,Osmond,Brownfield,obrownfield1g@bbc.co.uk,Bigender,16.244.28.234,1992-12-29,CN,Accord,1995
54,Gibby,Pickerell,gpickerell1h@icq.com,Male,3.115.139.33,1999-05-21,CN,Defender,1992
55,Amalea,Fadell,afadell1i@chron.com,Female,247.143.77.68,1967-12-07,BW,Genesis Coupe,2013
56,Thomas,Ollenbuttel,tollenbuttel1j@godaddy.com,Male,159.90.237.167,1983-09-17,LR,G6,2009
57,Laure,Talmadge,ltalmadge1k@topsy.com,Female,154.96.10.206,1967-03-30,UG,Discovery,1998
58,Danyette,Konertz,dkonertz1l@furl.net,Female,28.27.148.144,1980-12-16,MY,XJ,2009
59,Tad,Cantera,tcantera1m@globo.com,Male,102.136.111.74,1979-02-15,FR,Aerostar,1997
60,Arther,Latter,alatter1n@1und1.de,Male,209.247.100.169,1983-03-21,CN,Samurai,1993
61,Rolf,Orchart,rorchart1o@sogou.com,Male,201.99.232.221,1995-01-18,CU,Corvette,1992
62,Beverley,Petrou,bpetrou1p@go.com,Female,41.96.91.88,2000-03-04,TZ,F350,1994
63,Carter,Lamming,clamming1q@mlb.com,Male,251.109.68.102,1981-01-02,BW,Safari,1995
64,Hughie,Veschambes,hveschambes1r@mit.edu,Male,249.195.9.116,1980-05-28,FR,Familia,1991
65,Rosco,Gorries,rgorries1s@squidoo.com,Male,253.52.82.18,1979-12-09,ID,SC,2010
66,Michale,Clempton,mclempton1t@meetup.com,Male,40.129.133.46,1959-03-05,CN,Optima,2006
67,Rossy,Symones,rsymones1u@imgur.com,Male,69.88.191.173,1988-12-07,CN,MKS,2011
68,Tarrance,Josephoff,tjosephoff1v@yale.edu,Male,238.132.225.122,1950-08-03,CN,Protege,2000
69,Teodoor,Flott,tflott1w@amazon.co.uk,Male,104.239.62.125,1951-04-03,CN,Miata MX-5,2009
70,Ailey,Liley,aliley1x@dedecms.com,Female,174.209.26.7,1971-06-19,CN,Suburban 1500,1995
71,Dix,Dunnion,ddunnion1y@ow.ly,Female,144.219.59.196,2000-11-22,MT,Caravan,2004
72,Wilton,Wickett,wwickett1z@nih.gov,Male,134.218.13.202,1989-07-06,CN,GranSport,2005
73,Clarine,Box,cbox20@geocities.jp,Female,27.111.144.255,1967-06-22,ID,Rogue,2009
74,Darcee,Briand,dbriand21@storify.com,Female,76.151.192.10,1987-07-08,CL,Passat,1987
75,Harriet,Bamlett,hbamlett22@auda.org.au,Female,86.228.141.188,1992-04-02,CN,Breeze,1999
76,Calida,Rumens,crumens23@tiny.cc,Female,191.1.86.129,1994-03-24,CN,100,1993
77,Nevsa,Svanetti,nsvanetti24@naver.com,Female,82.174.100.177,1985-09-02,SE,Crown Victoria,2009
78,Paulie,Velde,pvelde25@spiegel.de,Male,79.239.33.54,1956-04-16,CN,Regal,2002
79,Deb,Bennis,dbennis26@wunderground.com,Female,49.22.107.107,1952-01-05,PH,XL7,2008
80,Ernestus,Tomaino,etomaino27@myspace.com,Male,12.220.21.51,1988-04-03,CN,929,1993
81,Cazzie,Chaplyn,cchaplyn28@gov.uk,Male,156.86.41.220,1961-04-14,PL,Corolla,2010
82,Javier,Huckstepp,jhuckstepp29@theglobeandmail.com,Male,243.226.101.30,1956-04-18,CN,Safari,1993
83,Cirillo,Eccersley,ceccersley2a@storify.com,Male,10.232.223.199,1995-05-13,SE,Century,1994
84,Jarrid,Goodsal,jgoodsal2b@networkadvertising.org,Male,206.148.209.114,1993-03-30,PT,X3,2009
85,Vida,Quickfall,vquickfall2c@addthis.com,Bigender,81.2.101.211,1982-08-29,ID,Blazer,2001
86,Sindee,Goold,sgoold2d@opensource.org,Female,192.110.25.9,1998-11-03,RU,Dakota,1997
87,Stesha,Graveston,sgraveston2e@alibaba.com,Female,161.225.193.14,1998-06-10,RU,Ranger,1997
88,Malena,Klainman,mklainman2f@who.int,Female,35.0.138.202,1961-10-15,FI,Century,1987
89,Thorpe,Govinlock,tgovinlock2g@over-blog.com,Polygender,205.165.249.203,1989-02-01,BR,Quattroporte,2006
90,Minna,Felgate,mfelgate2h@kickstarter.com,Female,75.144.90.186,1967-07-28,CN,Land Cruiser,2003
91,Elden,Schust,eschust2i@goo.ne.jp,Male,238.243.132.176,1962-08-29,CN,Elantra,1993
92,Brunhilde,Leat,bleat2j@google.es,Female,247.223.63.2,1970-10-12,CA,Grand Voyager,1993
93,Valeria,Guidetti,vguidetti2k@upenn.edu,Genderqueer,176.2.35.30,1960-10-22,PY,XK Series,1997
94,Gertruda,Harlick,gharlick2l@spotify.com,Female,115.126.50.161,1959-04-06,ID,5 Series,2006
95,Andrei,Maginot,amaginot2m@stumbleupon.com,Female,176.216.160.225,1962-09-24,RS,Caravan,2000
96,Gwenora,Gherardini,ggherardini2n@pagesperso-orange.fr,Female,250.5.189.82,1959-01-18,ID,Traverse,2010
97,Heriberto,Nourse,hnourse2o@shop-pro.jp,Non-binary,74.21.105.4,1967-01-24,JP,Mirage,1999
98,Leeland,Strowlger,lstrowlger2p@nationalgeographic.com,Male,193.156.87.184,1966-07-04,CN,Passport,2001
99,Neall,Nairn,nnairn2q@sakura.ne.jp,Male,120.38.16.247,1961-05-27,CN,Armada,2005
100,Etan,Slayny,eslayny2r@gmpg.org,Bigender,143.100.182.125,1972-09-24,GT,200,2011
101,Trey,Wind,twind2s@mozilla.com,Male,13.168.108.177,1990-05-19,SI,928,1993
102,Joye,Haggerty,jhaggerty2t@arizona.edu,Female,158.55.117.30,1997-11-30,GR,S-Class,2004
103,Fairlie,Danielczyk,fdanielczyk2u@samsung.com,Male,88.128.141.117,1984-05-27,PT,Vigor,1993
104,Griff,Abilowitz,gabilowitz2v@163.com,Male,60.217.133.58,1964-03-04,CN,G37,2012
105,Leanora,Saenz,lsaenz2w@live.com,Female,114.113.169.75,1957-12-25,CA,Caravan,2009
106,Dorelia,Hayer,dhayer2x@bizjournals.com,Female,76.218.192.48,1973-06-13,JP,S10,1993
107,Kipp,Devorill,kdevorill2y@cloudflare.com,Male,143.121.146.216,1957-10-23,UA,Riviera,1997
108,Issy,Kellogg,ikellogg2z@google.com,Female,188.135.82.125,1961-05-01,ID,Cougar,1993
109,Penelopa,Stoyles,pstoyles30@wiley.com,Female,88.245.1.235,1964-12-26,PL,Odyssey,2007
110,Merissa,Boothman,mboothman31@unblog.fr,Female,224.169.122.239,1951-05-19,MN,S-Class,2005
111,Teddy,Waggatt,twaggatt32@slate.com,Female,67.224.140.87,1971-05-02,CA,GTO,1970
112,Gar,Everley,geverley33@sakura.ne.jp,Male,29.40.209.207,1962-03-16,RU,EV1,1999
113,Davy,Danielsky,ddanielsky34@bloglovin.com,Male,82.4.192.75,1971-02-07,PL,Versa,2012
114,Saba,Littlemore,slittlemore35@dailymotion.com,Female,136.243.72.38,1967-09-09,CN,Sierra 1500,2009
115,Alvy,Devonshire,adevonshire36@jalbum.net,Male,52.92.32.7,1982-11-11,UY,Pajero,2000
116,Alayne,Magister,amagister37@reference.com,Female,181.139.146.32,1987-11-21,PH,Discovery,2012
117,Daniela,Tredger,dtredger38@unesco.org,Female,87.113.37.18,1989-01-10,RU,G-Class,2005
118,Rebecca,Alasdair,ralasdair39@berkeley.edu,Female,102.198.115.41,1961-09-26,CN,Town Car,1997
119,Antoni,Garrard,agarrard3a@nbcnews.com,Male,84.123.95.185,1997-06-24,AR,Escort,1986
120,Ebba,Lempertz,elempertz3b@blogs.com,Female,15.51.106.200,1989-06-01,PE,Integra,1988
121,Marshal,Decourcy,mdecourcy3c@theguardian.com,Male,241.59.162.176,1956-02-01,VE,Trooper,2000
122,Veda,Lyburn,vlyburn3d@e-recht24.de,Female,239.97.234.166,1978-10-07,SI,Rally Wagon 3500,1992
123,Marika,MacDonogh,mmacdonogh3e@so-net.ne.jp,Female,226.60.242.51,1962-09-08,BR,F250,2005
124,Rawley,Spurrett,rspurrett3f@geocities.jp,Male,161.5.163.201,1989-04-10,TL,Silhouette,1997
125,Rafaello,Beauman,rbeauman3g@fc2.com,Male,34.29.26.203,1995-09-04,CN,Civic,1991
126,Othilie,Box,obox3h@typepad.com,Female,61.15.186.201,1998-05-03,HU,Cayenne,2010
127,Fayina,Gruszecki,fgruszecki3i@over-blog.com,Female,215.131.26.36,1973-09-19,PH,DB9,2006
128,Duffie,Mowett,dmowett3j@yellowbook.com,Male,9.102.25.231,1968-06-05,IR,Taurus,1988
129,Avery,Gipson,agipson3k@a8.net,Male,92.53.167.185,1967-12-26,PH,Continental,2002
130,Charles,De Wolfe,cdewolfe3l@reverbnation.com,Male,254.250.90.254,1961-10-20,PS,Sonata,1998
131,Arri,Legon,alegon3m@yellowpages.com,Genderfluid,106.27.185.237,1954-02-03,UA,H3,2009
132,Cleveland,Querrard,cquerrard3n@hud.gov,Male,9.41.66.198,1972-04-07,RU,Dakota,2010
133,Antoine,Tyght,atyght3o@drupal.org,Agender,3.86.138.118,1977-08-31,ID,XF,2012
134,Magdalene,Colbertson,mcolbertson3p@exblog.jp,Female,110.220.59.139,1993-11-30,SE,Defender 90,1995
135,Mariska,Laux,mlaux3q@whitehouse.gov,Female,216.208.164.119,1954-10-20,LY,Tercel,1994
136,Gwenora,Dresse,gdresse3r@clickbank.net,Female,177.210.182.79,1954-06-23,PK,Camaro,1974
137,Cully,Cutmere,ccutmere3s@jimdo.com,Polygender,231.64.39.250,1998-02-22,PL,GS,2007
138,Delano,Stonhouse,dstonhouse3t@goo.ne.jp,Male,48.192.201.134,1986-01-20,PE,LX,1997
139,Lazaro,Keohane,lkeohane3u@nymag.com,Male,44.179.234.146,1994-11-28,JP,C70,2009
140,Arturo,Ornils,aornils3v@typepad.com,Male,254.251.64.149,1997-04-07,JP,E150,2005
141,Blondy,McIlwain,bmcilwain3w@washington.edu,Female,214.196.132.132,1967-05-27,BJ,Trooper,1999
142,Frannie,Wallbutton,fwallbutton3x@discuz.net,Bigender,110.233.84.110,1983-02-27,CN,A6,2003
143,Andromache,Longmead,alongmead3y@ustream.tv,Female,51.205.247.254,1989-06-04,ZA,Monza,1975
144,Gael,Rops,grops3z@aol.com,Male,121.140.75.242,1988-09-10,CN,CX,1989
145,Shurwood,Flewett,sflewett40@chicagotribune.com,Male,150.131.239.89,1974-03-14,CN,968,1992
146,Kain,Bearcroft,kbearcroft41@google.fr,Male,196.16.229.244,1974-12-28,PT,Protege,1995
147,Sylvia,Robarts,srobarts42@harvard.edu,Female,21.101.151.240,1999-10-15,RU,Altima,2005
148,Carita,Barbosa,cbarbosa43@tmall.com,Female,5.31.129.248,1955-09-08,CL,Acadia,2007
149,Serena,Swinburne,sswinburne44@salon.com,Female,112.12.214.175,1994-12-10,RU,Focus,2004
150,Celene,Mulderrig,cmulderrig45@ibm.com,Female,108.66.102.193,1976-01-01,ID,430,1990
151,Blisse,Albisser,balbisser46@cocolog-nifty.com,Female,132.131.148.133,1971-10-17,SA,DTS,2010
152,Herbie,Canepe,hcanepe47@microsoft.com,Male,117.50.15.26,1990-06-05,AZ,Celica,1996
153,Coop,Czajka,cczajka48@europa.eu,Male,236.210.112.38,1969-11-29,CN,Boxster,1999
154,Martina,Chipps,mchipps49@msu.edu,Female,169.111.86.85,1961-09-14,KZ,Villager,1998
155,Gerti,Mote,gmote4a@abc.net.au,Female,149.228.216.203,1982-08-01,BY,Ion,2007
156,Barny,Grewar,bgrewar4b@cmu.edu,Male,185.20.174.137,1952-02-27,MY,Sprinter 2500,2011
157,Cal,Schneider,cschneider4c@php.net,Agender,162.18.73.201,1982-06-16,CN,Avalon,2000
158,Alys,Threadkell,athreadkell4d@elpais.com,Female,4.232.69.152,1991-08-04,CN,Corrado,1993
159,Korney,Steanyng,ksteanyng4e@chronoengine.com,Female,192.81.111.80,1977-07-09,CN,Firefly,1990
160,Zaria,Noke,znoke4f@aboutads.info,Female,3.209.241.183,1984-09-11,BR,Freelander,2009
161,Merry,Fortnam,mfortnam4g@washington.edu,Female,117.74.81.247,1972-03-20,UY,Villager,1995
162,Adrian,Millichip,amillichip4h@creativecommons.org,Female,220.145.197.235,1952-12-07,CN,Pajero,2005
163,Konrad,Gosnoll,kgosnoll4i@go.com,Polygender,89.9.226.186,1998-01-18,CN,Miata MX-5,2011
164,Darci,Petrozzi,dpetrozzi4j@icq.com,Female,144.32.35.204,1986-03-01,CN,Miata MX-5,1995
165,Tracy,Gladwell,tgladwell4k@berkeley.edu,Non-binary,89.39.32.56,1985-05-01,NG,5 Series,2001
166,Gasparo,Baum,gbaum4l@123-reg.co.uk,Male,252.172.158.13,1998-06-11,ID,Regency,1997
167,Darill,Noble,dnoble4m@i2i.jp,Male,196.114.27.135,1987-05-05,BR,Sonata,2007
168,Tomasina,Guillart,tguillart4n@cisco.com,Genderfluid,230.98.79.97,1988-05-19,CN,GTO,1993
169,Costanza,Shannon,cshannon4o@hatena.ne.jp,Female,118.98.124.121,1953-10-31,TH,XG300,2001
170,Silvana,Albinson,salbinson4p@addthis.com,Female,190.234.75.218,1965-07-28,GR,100,1990
171,Thornton,Battey,tbattey4q@flickr.com,Male,58.83.174.49,1982-03-05,MA,GS,2011
172,Linnell,Dassindale,ldassindale4r@myspace.com,Female,147.192.45.107,1957-04-19,SE,Sonata,2000
173,Gifford,Hercock,ghercock4s@omniture.com,Male,79.112.227.105,1953-10-07,ID,Corvette,1964
174,Emelina,Buney,ebuney4t@marketwatch.com,Female,134.86.231.129,1964-12-10,SE,Hombre,2000
175,Josepha,Castellini,jcastellini4u@wiley.com,Female,117.226.80.180,1955-02-16,UA,Highlander,2005
176,Lonny,McFetridge,lmcfetridge4v@homestead.com,Male,65.116.1.243,1972-09-01,PH,CR-V,2005
177,Chanda,Legh,clegh4w@multiply.com,Female,91.119.7.86,1967-01-18,AR,Villager,1996
178,Lara,Fritchly,lfritchly4x@zimbio.com,Female,181.151.159.35,1979-08-20,ID,900,1990
179,Thorndike,Moorey,tmoorey4y@vimeo.com,Male,78.145.188.41,1995-10-18,FR,S40,2008
180,Normie,Kellaway,nkellaway4z@youku.com,Male,11.52.162.199,1991-04-14,PE,Yukon XL 1500,2012
181,Retha,Clarke,rclarke50@vistaprint.com,Female,127.16.134.100,1991-07-08,CN,LR4,2011
182,Pancho,Butlin,pbutlin51@lycos.com,Male,97.75.170.152,1950-04-20,KZ,Equinox,2005
183,Jemmie,Nehlsen,jnehlsen52@narod.ru,Female,231.252.244.92,1967-11-30,AT,F-Series,1996
184,Broddie,Iskov,biskov53@illinois.edu,Male,92.40.55.128,1962-03-15,BR,CX-7,2007
185,Eyde,Manser,emanser54@bloglines.com,Female,57.222.165.15,1961-10-18,CZ,Sportage,2011
186,Haywood,Choppin,hchoppin55@java.com,Male,92.40.3.158,1998-10-25,YE,Flex,2009
187,Ansley,Zamora,azamora56@irs.gov,Female,95.114.92.25,1997-07-05,BR,RX-8,2007
188,Dore,Dimberline,ddimberline57@google.it,Male,211.161.63.75,1968-10-25,KN,A6,2011
189,Bryce,Dudderidge,bdudderidge58@unicef.org,Male,240.34.113.65,1965-02-16,SE,LS,1990
190,Judi,Long,jlong59@ucla.edu,Female,32.36.75.39,1966-02-13,BD,Suburban 1500,1995
191,Twila,Boyton,tboyton5a@omniture.com,Female,195.217.154.38,1975-09-20,CZ,HHR,2011
192,Belle,Osbaldeston,bosbaldeston5b@google.com.hk,Female,112.59.132.126,1966-04-27,PE,Grand Marquis,1986
193,Coralie,Erwin,cerwin5c@shinystat.com,Female,248.119.37.144,1970-09-05,PL,S40,2006
194,Wilhelm,Barnfield,wbarnfield5d@homestead.com,Male,31.200.227.249,1985-04-11,CN,400E,1993
195,Kara-lynn,Dearn,kdearn5e@army.mil,Female,19.125.161.69,1967-09-04,CN,GX,2010
196,Leonard,Sollowaye,lsollowaye5f@latimes.com,Male,94.166.195.58,1952-03-01,ID,200SX,1998
197,Gardy,Welton,gwelton5g@github.com,Male,215.73.30.123,1966-09-20,UZ,Coupe,2005
198,Gualterio,Darbon,gdarbon5h@vimeo.com,Male,180.122.19.57,1992-02-15,RU,Sidekick,1989
199,Vernice,Aguilar,vaguilar5i@weebly.com,Female,93.127.23.57,1995-11-08,ID,Montana,2001
200,Reeta,Wegener,rwegener5j@about.com,Genderfluid,137.72.193.177,1992-03-06,FR,Sunbird,1984
201,Eddie,Greed,egreed5k@mediafire.com,Male,107.112.26.253,1996-04-30,BR,TL,2005
202,Angelo,Stading,astading5l@phpbb.com,Male,38.201.185.13,1956-08-22,RU,Windstar,1999
203,Kareem,Devonside,kdevonside5m@psu.edu,Male,89.84.43.81,1960-02-20,AR,Capri,1985
204,Aubrette,Moncarr,amoncarr5n@ameblo.jp,Female,67.190.141.14,1957-11-08,SE,Metro,1999
205,Nicolis,Brahan,nbrahan5o@independent.co.uk,Male,140.69.25.27,1997-02-08,PL,330,2006
206,June,Dreus,jdreus5p@jigsy.com,Female,247.184.230.213,1998-08-28,CN,Escort,1989
207,Nanny,Chidwick,nchidwick5q@usa.gov,Female,19.153.76.43,1967-07-12,ID,Exige,2012
208,Carita,Crowd,ccrowd5r@merriam-webster.com,Female,46.66.85.70,1968-01-27,CU,Navajo,1992
209,Alex,Deedes,adeedes5s@drupal.org,Male,11.206.10.124,1964-02-12,JP,Sephia,1998
210,Burke,Gosby,bgosby5t@ox.ac.uk,Male,200.123.25.180,1994-02-06,BR,Ranger,2009
211,Olympe,Fairnie,ofairnie5u@bing.com,Female,51.51.70.160,1992-04-15,BR,F150,1995
212,Gerrilee,Feldhammer,gfeldhammer5v@wiley.com,Female,210.217.220.130,1951-01-05,ID,Yukon XL 1500,2004
213,Polly,Scheffel,pscheffel5w@hc360.com,Female,79.209.145.105,1986-07-03,CN,Gran Sport,2006
214,Corena,Brownill,cbrownill5x@sfgate.com,Female,55.182.1.214,1980-02-24,MX,Sierra 3500,2004
215,Zacharias,Beekmann,zbeekmann5y@tripadvisor.com,Male,204.122.216.166,1998-10-26,AR,2500,1997
216,Annice,Wycliff,awycliff5z@wsj.com,Female,113.193.138.31,1988-12-17,TG,Diablo,1993
217,Kahaleel,Mayall,kmayall60@vkontakte.ru,Male,121.89.212.208,1964-07-29,MG,Mustang,2002
218,Ami,Pikhno,apikhno61@goo.ne.jp,Female,200.81.134.112,1969-02-03,BY,Savana 3500,2003
219,Roxanna,Clampton,rclampton62@marriott.com,Female,139.174.1.180,1998-05-31,VN,S10,2002
220,Bradan,Daine,bdaine63@mediafire.com,Male,96.8.6.135,1995-10-24,CN,Forester,2012
221,Atalanta,Cayle,acayle64@google.com.br,Female,59.96.128.211,1950-02-18,RU,Mustang,1993
222,Rollo,Ferrai,rferrai65@whitehouse.gov,Male,187.94.205.86,1975-06-18,BR,FJ Cruiser,2009
223,Bird,Elverston,belverston66@about.me,Female,220.213.153.54,1959-11-18,CO,612 Scaglietti,2007
224,Shem,Foggarty,sfoggarty67@macromedia.com,Male,196.232.27.98,1997-11-26,ID,MX-6,1991
225,Keenan,Dalli,kdalli68@adobe.com,Male,20.148.128.124,1964-10-23,BR,SL-Class,2009
226,Dianna,Keymer,dkeymer69@printfriendly.com,Female,173.51.97.187,1968-07-26,VN,Solstice,2007
227,Stevana,Neilson,sneilson6a@apple.com,Bigender,103.116.114.248,1990-08-18,CN,Forester,1998
228,Zarla,Artharg,zartharg6b@washingtonpost.com,Female,4.220.166.74,1993-08-04,BR,T100,1998
229,Hazel,Caswall,hcaswall6c@twitpic.com,Female,46.126.172.10,1953-06-02,BR,E250,2005
230,Christian,Howton,chowton6d@senate.gov,Male,121.77.130.40,1955-01-20,PE,Stratus,1998
231,Oneida,Pietruszka,opietruszka6e@i2i.jp,Female,224.205.81.141,1981-07-09,CA,TL,1999
232,Travus,Keays,tkeays6f@nhs.uk,Male,151.36.34.4,1967-06-08,RU,Trans Sport,1997
233,Gianni,Oldman,goldman6g@skyrock.com,Male,32.11.81.75,1980-09-09,CN,Sephia,2001
234,Vikky,Sacco,vsacco6h@alibaba.com,Female,1.189.251.10,1968-03-07,CN,Pathfinder,2011
235,Rochelle,Soule,rsoule6i@webmd.com,Female,34.180.179.165,1964-06-21,US,Elantra,2011
236,Towney,Townsend,ttownsend6j@ask.com,Male,151.250.14.57,1969-09-22,CO,Taurus,2007
237,Kania,Ioselev,kioselev6k@symantec.com,Agender,160.142.150.97,1956-06-18,GM,G,2005
238,Chancey,Fitzroy,cfitzroy6l@businessinsider.com,Male,228.147.3.245,1988-09-28,CG,S-Class,1998
239,Duky,Bittany,dbittany6m@ameblo.jp,Male,151.56.226.201,1976-08-05,MG,Laser,1990
240,Roi,Mathouse,rmathouse6n@mtv.com,Male,164.221.176.94,1973-01-20,CN,XT,1988
241,Josi,Ingyon,jingyon6o@reuters.com,Female,191.48.0.61,1956-07-19,KR,Golf,1984
242,Darbie,Biaggi,dbiaggi6p@paypal.com,Genderfluid,199.170.228.114,1975-03-19,NG,B-Series,2000
243,Cori,Marlow,cmarlow6q@biglobe.ne.jp,Female,33.17.252.226,1965-09-27,CZ,Miata MX-5,2012
244,Zane,Stillman,zstillman6r@prlog.org,Male,34.7.83.14,1956-01-26,TH,3000GT,1992
245,Perry,Broune,pbroune6s@goodreads.com,Female,143.168.30.132,1965-12-22,BR,300,2007
246,Saunder,Lusher,slusher6t@mysql.com,Male,47.85.124.246,1959-06-05,PL,S4,2007
247,Felicity,Yarrall,fyarrall6u@answers.com,Female,193.135.26.117,1954-06-27,PT,PT Cruiser,2001
248,Ollie,Jeandon,ojeandon6v@weibo.com,Female,115.216.122.21,1988-04-19,PH,X6,2012
249,Siward,Berger,sberger6w@goodreads.com,Polygender,25.13.83.215,1952-01-04,CZ,Armada,2008
250,Mitchel,Chidler,mchidler6x@amazon.de,Male,132.200.247.242,1998-04-20,IT,Phantom,2005
251,Clare,Marre,cmarre6y@sciencedirect.com,Female,42.95.52.210,1953-03-13,VN,G25,2011
252,Debor,Apthorpe,dapthorpe6z@prnewswire.com,Female,74.8.153.208,1985-10-23,CI,Eldorado,2001
253,Jacqui,Pere,jpere70@epa.gov,Female,139.171.63.240,1974-03-15,FR,Azure,2006
254,Judd,Daily,jdaily71@ycombinator.com,Male,79.119.158.17,1972-10-15,MX,3500,2011
255,Van,Wyness,vwyness72@liveinternet.ru,Male,96.129.132.221,1968-08-15,RU,Celica,1992
256,Lorne,Bruins,lbruins73@feedburner.com,Male,161.205.163.43,1989-09-26,ID,Navigator,2005
257,Ansell,Woliter,awoliter74@rediff.com,Male,182.47.204.75,1953-02-25,CN,RVR,1993
258,Kassey,Loxston,kloxston75@deviantart.com,Female,15.0.248.108,1983-10-17,LV,RX-7,1987
259,Aubrette,Gergely,agergely76@amazon.de,Female,26.42.102.225,1951-02-28,CN,Camaro,1967
260,Fair,Potts,fpotts77@biglobe.ne.jp,Male,205.166.143.255,1955-10-10,AR,Pathfinder,2011
261,Shaylyn,Tineman,stineman78@goo.ne.jp,Female,52.113.161.229,1962-11-04,CN,Silverado 3500,2009
262,Monique,Boylan,mboylan79@skype.com,Female,170.71.26.1,1964-03-20,RU,944,1988
263,Augie,Riddeough,ariddeough7a@dailymotion.com,Non-binary,77.109.97.195,1999-10-13,UA,Grand Prix,1971
264,Leopold,Bavidge,lbavidge7b@cnbc.com,Male,245.68.10.108,1983-04-07,CN,Park Avenue,1992
265,Bernette,Nolli,bnolli7c@hostgator.com,Female,91.97.18.120,1985-05-10,MX,S-Series,1996
266,Murry,Parris,mparris7d@hud.gov,Male,106.90.26.166,1984-02-09,JP,EV1,1999
267,Winny,Bowman,wbowman7e@slideshare.net,Female,121.61.155.8,1990-12-30,CN,626,1985
268,Garrik,McCurley,gmccurley7f@gov.uk,Male,233.228.181.172,1961-12-30,RU,Accord,1993
269,Domeniga,Pickett,dpickett7g@mlb.com,Female,244.96.138.161,1997-10-11,PH,Armada,2011
270,Jobye,Lehrle,jlehrle7h@acquirethisname.com,Female,126.62.182.172,1963-09-03,PT,Verona,2004
271,Nancee,Haye,nhaye7i@altervista.org,Female,245.72.183.4,1953-08-27,KR,B-Series,1997
272,Pasquale,Deaconson,pdeaconson7j@cargocollective.com,Male,156.160.40.203,1955-08-17,CN,3 Series,2000
273,Lin,Paszek,lpaszek7k@seattletimes.com,Female,13.22.48.103,1972-01-04,CN,Odyssey,1997
274,Marilin,Simony,msimony7l@springer.com,Female,106.199.199.236,1967-02-17,DE,944,1983
275,Lettie,Kingswood,lkingswood7m@seesaa.net,Female,175.231.133.201,1958-05-06,OM,Express 3500,2012
276,Angelica,Caville,acaville7n@google.com,Genderfluid,233.157.74.216,1999-01-20,KE,Fortwo,2008
277,Bliss,Gregs,bgregs7o@europa.eu,Female,25.243.164.124,1979-06-17,BR,Ram 2500 Club,1999
278,Mohammed,Wainscoat,mwainscoat7p@unblog.fr,Male,21.253.182.0,1967-01-15,FR,Solara,2003
279,Caddric,Dehm,cdehm7q@cnn.com,Male,223.43.36.43,1969-11-18,SE,Ram 3500,2009
280,Nealon,Liggins,nliggins7r@fotki.com,Male,243.36.172.174,1994-03-07,RU,Astro,2004
281,Aguste,Dunderdale,adunderdale7s@storify.com,Male,20.152.123.168,1982-09-04,CN,XJ,2010
282,Remington,Rodinger,rrodinger7t@yellowpages.com,Male,225.20.241.46,1986-02-25,NG,Golf,1990
283,Jenny,Povey,jpovey7u@list-manage.com,Female,22.195.64.254,1999-06-02,CN,HHR,2008
284,Dacy,Stooke,dstooke7v@sohu.com,Female,33.255.191.19,1961-06-08,CM,RAV4,1997
285,Stephan,Carvilla,scarvilla7w@yandex.ru,Male,5.188.2.204,2000-08-28,PK,MX-5,2011
286,Nicola,Litt,nlitt7x@earthlink.net,Female,148.98.116.229,1975-02-24,RU,Imperial,1926
287,Wye,Eble,weble7y@ehow.com,Male,150.243.96.63,1988-07-15,PL,A8,2002
288,Pate,McKeveney,pmckeveney7z@google.nl,Male,37.229.183.164,1997-06-18,PE,Accord,2005
289,Elvis,Mainds,emainds80@tinyurl.com,Male,214.56.179.129,1971-07-30,VN,1500,1996
290,Aeriell,Lownds,alownds81@cbslocal.com,Female,38.125.73.158,1957-08-14,NL,Land Cruiser,1996
291,Heall,Saywell,hsaywell82@cbslocal.com,Male,231.140.38.145,1983-12-01,UA,Trans Sport,1993
292,Feodora,Liccardo,fliccardo83@engadget.com,Female,7.48.144.115,1978-04-17,PH,X3,2012
293,Herculie,O'Carney,hocarney84@shutterfly.com,Male,213.35.234.35,1991-12-17,US,LX,2001
294,Hodge,Maciocia,hmaciocia85@usgs.gov,Male,51.20.61.12,1983-02-24,BR,ES,2008
295,Quinta,Andrysek,qandrysek86@utexas.edu,Female,236.173.104.36,1955-12-26,PH,Cutlass Cruiser,1993
296,Tamiko,Chadbourn,tchadbourn87@twitpic.com,Female,60.146.63.188,1991-07-04,UZ,Crown Victoria,1997
297,Ronda,Di Matteo,rdimatteo88@eepurl.com,Female,63.74.207.227,1971-04-08,FR,Familia,1987
298,Cornelia,Windham,cwindham89@blog.com,Female,184.50.136.178,2000-05-21,CN,LS Hybrid,2011
299,Patrizius,Ashbridge,pashbridge8a@nps.gov,Male,194.236.165.76,1979-01-20,BR,Eldorado,2000
300,Minnnie,Sones,msones8b@paginegialle.it,Female,136.60.101.200,1983-11-23,BR,Grand Prix,1996
301,Josy,De Cruz,jdecruz8c@booking.com,Female,20.130.129.139,1959-10-23,UA,Millenia,1996
302,Clywd,Fine,cfine8d@blogger.com,Male,237.241.244.79,1997-08-17,BR,Toronado,1992
303,Berton,Darkin,bdarkin8e@cafepress.com,Genderqueer,249.149.179.95,1984-03-10,AF,Firefly,1990
304,Dayna,Travis,dtravis8f@ustream.tv,Female,247.0.244.27,1997-11-12,PH,5 Series,2010
305,Roarke,Caldwell,rcaldwell8g@google.ru,Male,224.45.112.2,1975-09-19,FR,Relay,2007
306,Germayne,Polley,gpolley8h@studiopress.com,Male,45.74.86.46,1979-05-31,SE,Xterra,2005
307,Georgianna,Baroch,gbaroch8i@freewebs.com,Non-binary,112.79.205.180,1998-04-02,TH,Blazer,2003
308,Dorey,Shall,dshall8j@tinyurl.com,Female,127.114.209.102,1994-07-14,CN,S10 Blazer,1992
309,Hailey,Tattoo,htattoo8k@umich.edu,Male,101.118.105.167,1962-06-04,ID,Reatta,1991
310,Robinia,Casaletto,rcasaletto8l@webs.com,Female,240.63.123.144,1969-06-03,PT,Sentra,2011
311,Tremain,Valentino,tvalentino8m@howstuffworks.com,Male,204.191.248.233,1987-10-13,ID,88,1995
312,Inger,Espadate,iespadate8n@trellian.com,Male,107.161.252.163,1959-11-01,AO,Mountaineer,2009
313,Demetria,Hearle,dhearle8o@wikimedia.org,Female,89.117.223.99,1956-05-26,FR,Suburban 2500,1997
314,Mike,Corness,mcorness8p@discovery.com,Male,110.156.100.4,1973-03-16,AF,4000CS Quattro,1986
315,Merry,O'Teague,moteague8q@accuweather.com,Female,211.115.53.35,1991-06-27,CN,9-2X,2006
316,Sauveur,Tench,stench8r@nationalgeographic.com,Male,33.176.153.42,1984-04-09,ID,Sequoia,2002
317,Karyl,Fawbert,kfawbert8s@addthis.com,Female,76.81.189.161,1958-09-22,CN,Equator,2010
318,Margareta,Mooney,mmooney8t@netscape.com,Female,94.57.187.164,1973-06-21,RU,Malibu,2000
319,Lissy,Warbey,lwarbey8u@usa.gov,Female,145.91.81.233,1956-05-01,ID,XJ Series,1994
320,Shurwood,Swetenham,sswetenham8v@furl.net,Male,216.18.1.99,1953-03-12,BR,V8 Vantage,2008
321,Caleb,Van Son,cvanson8w@odnoklassniki.ru,Male,136.154.62.206,1971-08-08,BR,Grand Prix,2007
322,Kassi,Tessyman,ktessyman8x@ning.com,Female,119.55.50.126,1962-12-13,ID,Ram Van 1500,2003
323,Dagny,Giovannazzi,dgiovannazzi8y@jiathis.com,Male,230.101.218.29,1960-05-18,ID,4Runner,1992
324,Jabez,Beeho,jbeeho8z@uiuc.edu,Male,29.28.183.254,1983-09-16,FR,Pajero,2004
325,Vivian,Grundle,vgrundle90@joomla.org,Female,148.247.102.212,1995-05-18,GR,SLK55 AMG,2009
326,Barbette,Swindin,bswindin91@bloglovin.com,Female,241.219.85.153,1991-02-18,ID,Mark VII,1984
327,Keenan,Quinet,kquinet92@feedburner.com,Male,166.151.130.119,1976-02-22,PT,Fit,2011
328,Hendrick,Weeke,hweeke93@vk.com,Male,112.28.216.227,1994-09-18,PH,Intrepid,1998
329,Westbrook,Olliver,wolliver94@examiner.com,Male,62.250.210.78,1970-05-10,RU,Savana 2500,2002
330,Palm,McShee,pmcshee95@cbc.ca,Male,143.6.254.125,1984-12-30,GR,1500,1993
331,Donelle,Boxell,dboxell96@canalblog.com,Female,20.63.155.46,1962-03-05,TH,Insight,2010
332,Clarance,Dyment,cdyment97@vistaprint.com,Male,168.51.7.105,1972-05-02,PT,Corsica,1993
333,Welbie,Westgarth,wwestgarth98@ocn.ne.jp,Male,101.43.66.239,2000-04-06,PH,Tucson,2007
334,Barr,Najera,bnajera99@craigslist.org,Male,225.218.132.24,1986-01-25,SN,Ranger,2004
335,Shepherd,Bispham,sbispham9a@angelfire.com,Male,166.154.135.46,1986-08-01,AL,Corvette,1998
336,Tawnya,Evens,tevens9b@google.co.jp,Female,169.87.205.97,1997-09-05,US,Optima,2011
337,Marilyn,Fowell,mfowell9c@cbslocal.com,Female,63.146.195.116,1999-10-13,SE,Pathfinder,2005
338,Bran,Yerson,byerson9d@hp.com,Male,181.98.54.153,1961-07-27,CZ,Sunbird,1985
339,Brose,Bruno,bbruno9e@disqus.com,Male,148.122.103.95,1951-10-19,CN,Defender,1995
340,Reynold,Samsonsen,rsamsonsen9f@cafepress.com,Male,114.215.108.37,1970-12-06,PH,9-5,2001
341,Farlee,Kubik,fkubik9g@sogou.com,Male,67.28.229.108,1954-03-23,JP,Grand Marquis,1994
342,Francois,Wanjek,fwanjek9h@is.gd,Male,151.53.29.127,1992-02-04,IR,Neon,1999
343,Camel,Shitliffe,cshitliffe9i@tinypic.com,Female,115.149.186.33,1970-01-16,FR,DeVille,1998
344,Ody,Firle,ofirle9j@canalblog.com,Male,197.59.68.173,1956-01-29,BR,Sundance,1993
345,Aime,Outhwaite,aouthwaite9k@51.la,Female,21.51.224.11,1975-04-02,CN,GX,2005
346,Nata,Rizzotto,nrizzotto9l@webnode.com,Female,151.80.22.30,1977-02-12,CN,Corrado,1993
347,Nelly,Adamou,nadamou9m@blogger.com,Genderfluid,49.5.36.38,1985-04-15,ID,Grand Marquis,1995
348,Carmita,Meriton,cmeriton9n@businessinsider.com,Female,83.223.116.42,1962-09-23,CZ,2500 Club Coupe,1995
349,Si,Guerola,sguerola9o@dmoz.org,Male,35.27.94.213,1950-05-13,FR,Celica,2001
350,Conrad,Galfour,cgalfour9p@flickr.com,Male,126.149.73.37,1977-08-03,RU,Taurus X,2008
351,Lowrance,Pope,lpope9q@dailymotion.com,Male,62.50.188.182,1983-09-19,FR,CL,2001
352,Allx,Riddel,ariddel9r@indiegogo.com,Genderfluid,106.74.189.51,1980-10-18,CN,CLS-Class,2009
353,Emalee,Abley,eabley9s@ucoz.ru,Female,218.167.4.145,1957-10-28,IR,Bonneville,1986
354,Daron,Ronan,dronan9t@miitbeian.gov.cn,Male,159.155.30.102,1986-10-06,FR,MX-5,1994
355,Christoforo,Moff,cmoff9u@1688.com,Agender,205.187.200.206,1981-11-01,CL,F-Series,1995
356,Jozef,Whalley,jwhalley9v@over-blog.com,Male,47.196.158.186,1957-02-26,CO,Lanos,2000
357,Norry,Goskar,ngoskar9w@macromedia.com,Female,64.90.244.89,1976-11-24,ID,Ram Van 2500,1996
358,Rees,MacFaul,rmacfaul9x@devhub.com,Male,16.62.194.181,1973-04-09,PE,Ranger,2005
359,Lucy,Veltmann,lveltmann9y@admin.ch,Female,223.52.173.31,1961-01-31,CL,SLK-Class,2008
360,Doralia,Wagge,dwagge9z@privacy.gov.au,Female,163.186.28.136,1953-01-18,CN,R32,2009
361,Joli,Ambrogelli,jambrogellia0@about.me,Female,70.17.81.233,1964-07-26,ID,Previa,1992
362,Talya,Strewthers,tstrewthersa1@networksolutions.com,Polygender,13.214.112.34,1989-04-03,AR,Millenia,1998
363,Alfreda,Semaine,asemainea2@home.pl,Female,178.146.85.94,1988-09-01,ID,L-Series,2005
364,Vasily,Dislee,vdisleea3@utexas.edu,Male,125.19.192.142,1992-07-25,FR,tC,2012
365,Martelle,Coale,mcoalea4@theatlantic.com,Female,42.135.40.211,1975-01-04,US,300,2012
366,Norry,McLachlan,nmclachlana5@oracle.com,Genderfluid,255.237.7.241,1985-06-08,BR,R8,2010
367,Gaby,Fenelon,gfenelona6@npr.org,Female,53.85.71.174,1998-07-12,PT,Vision,1995
368,Nicholle,Barensen,nbarensena7@wikispaces.com,Female,56.7.7.227,2000-01-13,RU,Silhouette,1996
369,Haydon,Studeart,hstudearta8@ustream.tv,Male,80.114.166.88,1954-02-08,MR,Mountaineer,2001
370,Morris,Mulvey,mmulveya9@feedburner.com,Male,56.150.102.22,1975-06-13,BR,Sienna,1999
371,Malissia,Cormack,mcormackaa@acquirethisname.com,Agender,131.87.253.76,1998-10-16,GR,Mighty Max,1993
372,Remington,Garvan,rgarvanab@g.co,Male,153.57.208.238,1999-10-10,ID,Allroad,2001
373,Kassie,Seebright,kseebrightac@va.gov,Female,149.91.72.235,1992-10-04,IT,Sky,2008
374,Budd,Boffin,bboffinad@berkeley.edu,Male,141.32.95.99,1993-01-06,PK,Sentra,1997
375,Taddeusz,Tomaschke,ttomaschkeae@multiply.com,Male,68.72.3.80,1976-08-11,PG,Fleetwood,1993
376,Omar,Donson,odonsonaf@youtube.com,Male,177.94.183.41,1966-09-21,CD,Jetta,1984
377,Phedra,Loynton,ployntonag@nytimes.com,Genderqueer,217.83.14.126,1982-07-04,CN,LS,2002
378,Elenore,Malcolmson,emalcolmsonah@jiathis.com,Female,15.9.89.249,1953-05-14,CN,Q,2000
379,Cooper,Stickney,cstickneyai@ustream.tv,Male,33.205.65.8,1973-06-09,BY,Lucerne,2011
380,Joanne,Bonnick,jbonnickaj@comcast.net,Female,169.236.211.184,1963-11-11,CN,Jetta,2007
381,Chiquia,Casetta,ccasettaak@nydailynews.com,Female,54.103.201.215,1956-06-01,VN,Mustang,2006
382,Tildi,Claige,tclaigeal@cnbc.com,Agender,254.149.157.141,1995-12-03,PH,Edge,2012
383,Kiley,Soigne,ksoigneam@cam.ac.uk,Female,96.12.16.183,1956-03-26,CA,Spectra,2006
384,Katuscha,Demicoli,kdemicolian@nih.gov,Female,66.15.152.45,1965-01-06,CN,Dakota,1998
385,Vikky,Duly,vdulyao@360.cn,Female,84.210.68.0,1996-08-30,ID,D250,1993
386,Holli,Charley,hcharleyap@examiner.com,Female,103.171.251.112,1999-07-28,PL,XJ Series,2000
387,Harmony,Garfirth,hgarfirthaq@irs.gov,Female,252.252.87.145,1988-06-30,MG,Traverse,2012
388,Arly,Braemer,abraemerar@cnn.com,Female,70.248.149.207,1961-04-20,CN,TSX,2011
389,Marena,Tapper,mtapperas@plala.or.jp,Female,29.205.180.213,1957-09-19,CA,LR3,2009
390,Pearline,Greenham,pgreenhamat@java.com,Female,195.113.171.6,1963-05-27,CZ,Element,2006
391,Derek,Moscone,dmosconeau@dyndns.org,Male,234.98.214.142,1950-10-30,GR,S-Class,2007
392,Darrin,Sowten,dsowtenav@dmoz.org,Male,72.9.191.63,1991-07-23,PT,Avenger,1998
393,Wang,Hartgill,whartgillaw@51.la,Male,176.52.211.253,1985-02-02,MN,3500,2012
394,Duke,Thames,dthamesax@addthis.com,Male,218.10.159.42,1957-01-31,NG,Maxima,1999
395,Bing,Panter,bpanteray@wp.com,Male,181.179.216.110,1982-06-15,JP,X3,2008
396,Guthrie,Hewins,ghewinsaz@hexun.com,Male,44.80.61.179,2000-05-01,UA,Transit Connect,2013
397,Cherie,De Goey,cdegoeyb0@loc.gov,Female,74.240.151.84,1997-04-12,BY,500SL,1993
398,Iain,Woolvett,iwoolvettb1@washington.edu,Male,149.187.19.51,1964-02-13,KP,Sentra,1998
399,Demott,Baldrick,dbaldrickb2@deliciousdays.com,Male,190.39.100.157,1992-05-22,CN,Galant,2006
400,Laurie,MacAdam,lmacadamb3@elegantthemes.com,Genderfluid,71.8.38.151,1962-05-13,UA,Mazda2,2011
401,Donielle,Dechelette,ddecheletteb4@cmu.edu,Female,114.98.155.80,1981-07-13,US,Countryman,2012
402,Lek,Sidlow,lsidlowb5@newsvine.com,Male,53.53.218.54,1974-12-16,JP,E-Series,1995
403,Archaimbaud,Klimentyev,aklimentyevb6@hud.gov,Male,160.211.3.247,1987-08-26,CO,A6,1999
404,Ikey,Pozzo,ipozzob7@independent.co.uk,Male,20.213.12.207,1954-02-13,CZ,Cirrus,2000
405,Harald,Dederick,hdederickb8@1688.com,Male,5.68.139.127,1972-02-27,CN,Leone,1989
406,Cookie,Paton,cpatonb9@timesonline.co.uk,Agender,10.190.168.196,1961-11-23,CN,Santa Fe,2010
407,Wilek,McGairl,wmcgairlba@spiegel.de,Male,43.175.61.52,1983-05-01,AR,LFA,2012
408,Wang,Billington,wbillingtonbb@columbia.edu,Male,238.109.77.126,1989-09-14,CN,Cougar,1988
409,Newton,Cussins,ncussinsbc@mediafire.com,Male,158.129.88.153,1981-03-27,CN,Pathfinder,1999
410,Ingram,Greir,igreirbd@newsvine.com,Non-binary,56.51.34.64,1990-01-06,CN,Taurus,1994
411,Amory,Greaves,agreavesbe@google.pl,Male,7.110.149.247,1958-08-20,LV,Entourage,2007
412,Bethanne,Habbergham,bhabberghambf@google.com.au,Female,144.27.148.247,1966-04-17,TH,L300,1987
413,Michel,Nowak,mnowakbg@google.co.uk,Male,198.181.157.246,1979-02-24,PH,Eos,2009
414,Bab,Trayhorn,btrayhornbh@opera.com,Female,125.197.225.58,1992-07-20,SE,Maxima,2005
415,Chrisy,Winterflood,cwinterfloodbi@spotify.com,Male,240.195.43.69,1959-09-04,RU,Civic,2005
416,Marchall,Belding,mbeldingbj@prnewswire.com,Male,157.141.62.138,1969-05-31,ID,Catera,2001
417,Muriel,Atteridge,matteridgebk@ucsd.edu,Female,148.162.240.89,1963-07-04,ID,2500 Club Coupe,1996
418,Jessy,Spurling,jspurlingbl@arizona.edu,Female,208.155.22.21,1950-01-25,AR,Pajero,1987
419,Tobi,Grist,tgristbm@state.gov,Female,255.223.218.26,2000-06-21,RU,Neon,1995
420,Bennie,Micklewicz,bmicklewiczbn@pcworld.com,Genderqueer,129.149.41.255,1989-11-29,CN,Fiero,1987
421,Dorthea,Clifford,dcliffordbo@ft.com,Female,125.253.14.9,1959-10-04,CN,Outlook,2007
422,Kat,Tallant,ktallantbp@list-manage.com,Female,7.166.183.231,1971-04-08,VN,Town & Country,2007
423,Holden,Scad,hscadbq@cdc.gov,Male,192.121.6.97,1979-01-06,NL,Ram Van 1500,1999
424,Beau,Trussman,btrussmanbr@china.com.cn,Male,110.141.83.219,1999-08-02,UA,Rio,2013
425,Ted,Ixor,tixorbs@amazon.de,Female,216.135.130.38,1971-08-17,RU,911,1993
426,Conchita,Glede,cgledebt@gmpg.org,Female,30.40.99.164,1975-07-31,IL,Taurus,1995
427,Mattias,Sweetmore,msweetmorebu@reverbnation.com,Male,46.38.184.48,1992-11-26,PT,240SX,1992
428,Isa,Jarrel,ijarrelbv@apple.com,Male,84.139.212.200,1967-08-11,MX,Montana,2003
429,Sydelle,Lukins,slukinsbw@jalbum.net,Female,227.192.175.115,1977-06-24,BR,Silverado 3500,2007
430,Holly-anne,Peeters,hpeetersbx@marriott.com,Female,129.102.51.189,1983-08-25,CR,LX,2008
431,Cassie,Fills,cfillsby@artisteer.com,Male,244.98.208.21,1962-10-30,ID,LS,2002
432,Sheba,Iles,silesbz@privacy.gov.au,Female,43.125.61.132,1996-05-18,CN,Phantom,2009
433,Ina,Harvey,iharveyc0@wiley.com,Female,2.74.204.85,1955-01-06,RU,Enclave,2012
434,Tommie,Ogglebie,togglebiec1@yale.edu,Male,47.244.36.117,1950-08-29,ID,Avalanche 2500,2006
435,Suzy,Bickerstaffe,sbickerstaffec2@sbwire.com,Female,74.15.220.106,1970-06-25,CN,Coupe GT,1987
436,Kirbee,Treble,ktreblec3@si.edu,Female,220.152.67.252,1980-04-13,CN,Golf,1993
437,Dasya,Beattie,dbeattiec4@behance.net,Bigender,133.254.109.13,1952-10-21,JP,Insight,2003
438,Orland,Conry,oconryc5@digg.com,Male,25.217.184.99,1969-02-06,ZW,XJ Series,1993
439,Harmon,Silman,hsilmanc6@booking.com,Male,15.221.76.94,1978-05-11,CN,Landaulet,2011
440,Gerard,Kliemann,gkliemannc7@creativecommons.org,Male,102.199.154.166,1961-01-22,VN,S80,2007
441,Derril,Ciccottio,dciccottioc8@hugedomains.com,Male,199.26.188.119,1960-08-13,UG,Town & Country,2006
442,Adrianne,Morden,amordenc9@tinyurl.com,Female,135.113.182.240,1975-10-03,NP,B9 Tribeca,2006
443,Georges,Bosher,gbosherca@weebly.com,Male,83.248.76.160,1964-05-13,PE,Equinox,2006
444,Meryl,Aherne,mahernecb@unblog.fr,Male,34.5.152.18,1994-07-06,SE,Grand Voyager,1999
445,Corabella,Guidera,cguideracc@123-reg.co.uk,Female,113.202.156.205,1959-05-11,PL,Esprit,2002
446,Clemens,Ullock,cullockcd@mlb.com,Male,41.244.146.8,1980-01-02,PL,Jetta,1999
447,Zachery,Paragreen,zparagreence@cargocollective.com,Male,241.90.198.118,1971-02-12,PH,C70,2010
448,Tabb,Addison,taddisoncf@flavors.me,Bigender,155.36.68.166,1960-06-04,CN,Continental,2012
449,Hailee,Bravey,hbraveycg@webnode.com,Female,46.17.251.145,1975-04-10,BR,R8,2011
450,Towny,Iron,tironch@telegraph.co.uk,Male,250.52.85.4,1996-04-04,PG,Altima,2003
451,Allayne,Eade,aeadeci@si.edu,Male,4.249.93.51,1987-01-14,ID,Quattro,1992
452,Harv,Yanyshev,hyanyshevcj@mit.edu,Male,156.18.115.63,1967-07-14,RU,Carrera GT,2004
453,Sam,Rodgerson,srodgersonck@bloglovin.com,Male,49.245.170.14,1986-08-17,SE,9000,1987
454,Mel,Nealey,mnealeycl@blogs.com,Male,224.137.135.141,1951-10-07,BS,Firebird,1968
455,Evvy,Brownhall,ebrownhallcm@creativecommons.org,Female,98.23.209.159,1998-05-12,CN,Avalon,1999
456,Yulma,Crockley,ycrockleycn@census.gov,Male,237.148.41.134,1987-10-09,CN,Tribute,2011
457,Lenard,Iapico,liapicoco@mysql.com,Male,255.42.167.208,1963-01-01,CN,X5,2003
458,Carlynne,Dionisio,cdionisiocp@google.ru,Bigender,214.150.169.240,1950-03-07,PL,Grand Prix,1966
459,Morgana,Milroy,mmilroycq@auda.org.au,Female,178.159.165.205,2000-03-25,CZ,Ram 2500,1999
460,Yank,Menezes,ymenezescr@oakley.com,Male,41.140.145.142,1954-01-05,PS,1500,1992
461,Christoforo,Lenormand,clenormandcs@altervista.org,Male,39.158.28.169,1973-10-24,PT,Cobalt,2010
462,Abramo,Heineking,aheinekingct@cmu.edu,Male,41.83.99.170,1952-12-21,MV,Rogue,2012
463,Juli,Lock,jlockcu@pen.io,Genderfluid,131.19.99.227,1974-01-10,CN,Sidekick,1997
464,Justine,Stimpson,jstimpsoncv@examiner.com,Female,146.120.78.239,1953-04-30,ID,Breeze,1998
465,Blanche,Andreopolos,bandreopoloscw@loc.gov,Female,250.4.26.164,1996-06-22,CN,XC70,2005
466,Nicolai,Bashford,nbashfordcx@aboutads.info,Male,79.122.190.59,1967-06-19,RU,Intrepid,1998
467,Millisent,Hinchshaw,mhinchshawcy@google.com.au,Female,165.132.182.140,1963-11-16,AR,Allroad,2005
468,Hubey,Benallack,hbenallackcz@hexun.com,Male,194.157.208.254,1967-06-28,CL,Cayman,2006
469,Gunther,Pepler,gpeplerd0@phpbb.com,Male,108.25.243.1,1968-01-12,RU,Carens,2007
470,Read,Bolderstone,rbolderstoned1@tumblr.com,Male,250.171.230.198,1987-08-24,PT,Z3,2002
471,Tab,Campanelli,tcampanellid2@foxnews.com,Male,229.244.199.65,1956-07-24,ID,Boxster,2007
472,Desiree,Dubery,dduberyd3@amazonaws.com,Female,94.4.28.174,1961-01-17,KR,Type 2,1988
473,Kristyn,Rudgerd,krudgerdd4@wisc.edu,Agender,102.16.57.82,1959-07-07,BR,Concorde,2003
474,Kassandra,Henker,khenkerd5@guardian.co.uk,Female,228.157.91.46,1966-11-02,RU,Spectra,2002
475,Gawain,Newing,gnewingd6@yahoo.co.jp,Male,114.140.194.61,1968-01-21,FR,Town & Country,2004
476,Lorant,Iacovelli,liacovellid7@si.edu,Male,95.93.69.191,1999-07-19,JP,SL-Class,1999
477,Alfi,Colegate,acolegated8@diigo.com,Female,130.6.184.233,1968-10-29,BR,G-Series G10,1992
478,Madelon,Autry,mautryd9@cyberchimps.com,Female,119.234.173.188,1960-03-02,MM,MKX,2009
479,Patrice,Orr,porrda@google.co.uk,Female,126.129.102.233,1999-11-15,ML,Grand Caravan,2003
480,Evin,Medd,emedddb@networksolutions.com,Male,3.250.16.77,1975-03-12,CN,Escort,1985
481,Hamnet,Dunbar,hdunbardc@symantec.com,Male,211.2.205.154,1950-09-25,PT,Corolla,1995
482,Silas,Ellis,sellisdd@vkontakte.ru,Male,219.94.97.24,1951-09-28,ID,Continental GTC,2008
483,Morna,Gillbe,mgillbede@chicagotribune.com,Non-binary,174.157.64.47,1960-12-20,CN,Savana 3500,2006
484,Aurore,Olohan,aolohandf@imdb.com,Female,161.132.111.43,1959-03-05,PL,LR4,2011
485,Lib,Potten,lpottendg@statcounter.com,Female,247.43.7.112,1999-08-18,CN,Tacoma Xtra,2002
486,Vachel,Bevis,vbevisdh@wix.com,Male,51.99.9.83,1974-09-20,PT,XL-7,2001
487,Mommy,Copes,mcopesdi@ca.gov,Female,212.8.161.202,1992-02-24,ID,Silverado 2500,2007
488,Brenna,Rowan,browandj@theglobeandmail.com,Female,95.186.63.79,1963-12-22,PK,E-Series,2002
489,Karon,Scoines,kscoinesdk@wiley.com,Female,68.181.144.206,1950-01-27,BR,Touareg,2011
490,Hyacinthia,Cheston,hchestondl@tiny.cc,Female,126.13.28.85,1969-06-15,NZ,GT500,1968
491,Harlene,Ovendon,hovendondm@wordpress.org,Female,79.121.123.225,1994-08-16,PE,Savana 2500,2001
492,Jami,Butting,jbuttingdn@shinystat.com,Female,190.199.215.51,1973-08-04,BR,Grand Voyager,1996
493,Nannette,MacKimm,nmackimmdo@mysql.com,Female,7.28.177.28,1972-03-04,ID,S60,2007
494,Brietta,Glassford,bglassforddp@storify.com,Genderfluid,135.126.47.0,1950-04-23,CN,Ram Van B150,1994
495,Sada,Gostling,sgostlingdq@reuters.com,Female,66.173.132.76,1986-07-09,CN,Avenger,1999
496,Susana,Crankshaw,scrankshawdr@phoca.cz,Female,238.158.20.206,1968-03-01,SE,Savana 2500,1996
497,Barry,Carress,bcarressds@weibo.com,Female,119.132.182.24,1999-12-28,FR,Cooper Clubman,2008
498,Janessa,Jendrach,jjendrachdt@prweb.com,Female,197.99.97.168,1979-08-04,CN,Silverado,2009
499,Doralyn,Mitchall,dmitchalldu@salon.com,Female,229.47.51.61,1987-03-25,FR,Escape,2005
500,Tait,Labbett,tlabbettdv@mozilla.org,Male,2.162.219.98,1973-11-09,GR,Z8,2002
501,Moina,Haylett,mhaylettdw@wired.com,Female,115.141.98.136,1999-08-03,KP,Impreza,2001
502,Una,Aysh,uayshdx@gnu.org,Female,70.8.236.102,1961-07-10,ID,Rogue,2009
503,Virgie,Tregensoe,vtregensoedy@dell.com,Male,79.131.174.33,1963-06-09,CN,Ram 2500,2003
504,Ranna,Woodhead,rwoodheaddz@jigsy.com,Female,192.123.113.216,1960-12-14,PE,Eldorado,1996
505,Rogers,De Luna,rdelunae0@rakuten.co.jp,Male,11.194.205.225,1994-06-11,CR,M,1992
506,Min,Wolseley,mwolseleye1@histats.com,Bigender,146.131.172.33,1976-03-10,IR,Caravan,2000
507,Dougie,Sumsion,dsumsione2@ehow.com,Non-binary,215.191.123.146,1950-10-22,RU,Silverado 2500,2012
508,Stinky,Echalier,sechaliere3@yellowbook.com,Male,103.183.24.41,1958-10-31,CN,Eldorado,1998
509,Xever,Paz,xpaze4@vistaprint.com,Male,63.252.61.182,1967-08-15,PL,Lancer Evolution,2003
510,Otto,Berzins,oberzinse5@stanford.edu,Male,251.228.115.56,1965-04-06,ZW,R32,2009
511,Lorne,Sartain,lsartaine6@tiny.cc,Male,207.87.131.95,1994-01-07,CN,X5 M,2013
512,Gav,Mullen,gmullene7@twitter.com,Male,33.239.133.50,1968-02-07,UA,Leaf,2012
513,Cherianne,Diehn,cdiehne8@naver.com,Polygender,37.198.63.214,1984-10-10,VE,6 Series,2008
514,Amye,Brisson,abrissone9@joomla.org,Female,50.227.54.129,1977-05-24,PH,Sundance,1994
515,Duncan,Tortoishell,dtortoishellea@usda.gov,Genderfluid,18.135.151.64,1950-04-17,CZ,6 Series,2009
516,Felecia,Kennady,fkennadyeb@nyu.edu,Female,152.0.100.222,1988-07-20,RS,Sonata,1993
517,Eleanora,Potteridge,epotteridgeec@skype.com,Female,54.136.59.46,1990-11-12,PL,Vibe,2005
518,Shadow,Pidgeley,spidgeleyed@microsoft.com,Male,97.51.246.211,1981-06-07,CN,Range Rover,2011
519,Gilda,MacLardie,gmaclardieee@tripadvisor.com,Agender,86.126.251.179,1951-03-11,BR,3500 Club Coupe,1996
520,Mathe,Lamkin,mlamkinef@prnewswire.com,Male,251.29.41.222,1974-03-17,MK,M-Class,2012
521,Cristy,Ughini,cughinieg@fda.gov,Female,177.226.184.11,1997-07-24,CR,RX,2004
522,York,Di Biasi,ydibiasieh@netscape.com,Male,251.111.101.14,1984-02-22,ID,Supra,1998
523,Tisha,Basham,tbashamei@theatlantic.com,Female,27.186.246.181,1955-04-26,PT,Monte Carlo,1997
524,Osmund,Dunnett,odunnettej@arizona.edu,Male,179.56.216.128,2000-12-30,PH,4Runner,2006
525,Keenan,Solan,ksolanek@sina.com.cn,Male,161.23.136.132,1989-11-15,CF,A4,2008
526,Lara,Guiducci,lguiducciel@flavors.me,Female,24.167.15.60,1988-05-16,CN,IS F,2011
527,Emelyne,Darell,edarellem@facebook.com,Female,131.245.126.139,1970-05-01,CO,Range Rover Evoque,2012
528,Rennie,Chominski,rchominskien@wp.com,Female,43.124.148.246,1983-11-26,CN,Freestar,2004
529,Edith,Simonini,esimoninieo@google.com.br,Bigender,0.201.175.25,1953-04-22,MX,GranTurismo,2012
530,Ilaire,Teese,iteeseep@webnode.com,Male,49.181.141.51,1992-12-01,CN,Camaro,1994
531,Ody,Filpo,ofilpoeq@disqus.com,Male,136.118.224.105,1954-11-28,UG,Grand Prix,1965
532,Gustavus,Mapstone,gmapstoneer@guardian.co.uk,Male,102.79.82.95,1984-09-09,PL,Sierra,2012
533,Angil,Delahunt,adelahuntes@vk.com,Female,76.52.211.145,1960-03-11,MU,Arnage,2009
534,Benedetto,Morrilly,bmorrillyet@list-manage.com,Agender,51.200.223.215,1969-09-08,GR,Cutlass,1999
535,Brandice,Ariss,barisseu@homestead.com,Female,132.140.18.82,1985-06-05,CN,SC,2004
536,Bette-ann,Doerren,bdoerrenev@blogspot.com,Female,171.7.108.98,1979-02-24,UA,Suburban 2500,2012
537,Clea,Liggett,cliggettew@soup.io,Female,241.122.235.79,1970-11-02,RU,Yukon XL 1500,2010
538,Jonis,Chicken,jchickenex@tinypic.com,Female,60.137.51.92,1959-05-04,ZA,Touareg,2010
539,Mariejeanne,Bianco,mbiancoey@furl.net,Female,238.96.203.194,1989-06-04,CN,G35,2004
540,Veronica,Griswood,vgriswoodez@ning.com,Female,54.149.45.190,1983-05-22,PL,Express 1500,2007
541,Lillian,Abramino,labraminof0@exblog.jp,Female,186.66.195.134,1957-05-14,FR,D350,1993
542,Grata,Spratt,gsprattf1@bloomberg.com,Female,67.131.126.29,1954-08-15,SI,Mustang,1983
543,Nina,MacRirie,nmacririef2@earthlink.net,Female,94.112.118.133,1971-01-14,RS,Wrangler,2002
544,Dino,Martignon,dmartignonf3@arstechnica.com,Male,14.197.156.80,1994-03-05,RU,Celica,1976
545,Rupert,Robens,rrobensf4@phoca.cz,Male,214.127.27.118,1971-09-02,PL,Pilot,2007
546,Mariam,Yve,myvef5@storify.com,Female,132.211.76.188,1999-09-03,RU,V8 Vantage S,2011
547,Otho,Bowler,obowlerf6@chronoengine.com,Non-binary,185.146.122.41,1955-07-07,PL,370Z,2012
548,Perice,Renfree,prenfreef7@abc.net.au,Male,17.195.23.248,1955-03-03,ET,GTO,1999
549,Cassie,Chopping,cchoppingf8@bizjournals.com,Male,104.174.190.163,1999-08-12,RW,300M,2000
550,Johnath,Strethill,jstrethillf9@army.mil,Female,110.70.64.160,1981-10-27,HR,B-Series,1993
551,Kermit,Henden,khendenfa@redcross.org,Male,161.223.134.97,1990-06-04,ID,RSX,2003
552,Raeann,Theakston,rtheakstonfb@goo.ne.jp,Female,8.150.47.213,1986-02-24,SA,GS,1996
553,Margalo,Ramstead,mramsteadfc@barnesandnoble.com,Female,124.19.174.131,1987-08-10,NA,Ram 2500,2010
554,Yuma,Anster,yansterfd@tuttocitta.it,Male,68.191.149.208,1986-11-30,PH,Celica,2003
555,Desi,Blazewski,dblazewskife@acquirethisname.com,Male,30.79.135.61,1956-11-10,ID,Escort,1992
556,Eolanda,O'Hartnedy,eohartnedyff@godaddy.com,Female,226.84.43.211,1960-11-03,BR,Ram 1500 Club,1999
557,Brooke,Tabbernor,btabbernorfg@surveymonkey.com,Female,182.240.161.16,1976-05-23,RU,B9 Tribeca,2007
558,Uriah,Fontaine,ufontainefh@ed.gov,Male,130.137.192.218,1962-04-28,LY,Alpina B7,2007
559,Clement,Drakes,cdrakesfi@mlb.com,Male,248.7.214.237,1964-07-13,SE,I,2004
560,Faun,Crickmer,fcrickmerfj@sfgate.com,Female,155.42.112.57,1986-01-30,CN,LeMans,1968
561,Jerrold,Brothers,jbrothersfk@whitehouse.gov,Male,225.204.145.242,1990-01-12,PH,Avenger,2008
562,Elihu,Bowe,ebowefl@networksolutions.com,Male,84.160.37.13,1965-12-18,CO,Safari,1999
563,Mal,Huson,mhusonfm@bloglovin.com,Male,131.133.159.139,1951-10-17,CN,Probe,1997
564,Viviene,Vannuccinii,vvannucciniifn@virginia.edu,Female,198.112.63.50,1983-09-03,CN,G37,2010
565,Gisella,Godthaab,ggodthaabfo@chronoengine.com,Female,53.95.26.110,1971-11-26,PT,E-350 Super Duty Van,2006
566,Branden,Ferre,bferrefp@netlog.com,Male,60.122.127.61,2000-05-20,PH,S-Class,1985
567,Urson,Pickavance,upickavancefq@psu.edu,Male,151.206.131.138,1987-04-06,PL,Civic,2008
568,Deedee,Wiffen,dwiffenfr@histats.com,Female,243.35.47.7,1974-03-06,BR,Grand Caravan,2007
569,Herbert,Leabeater,hleabeaterfs@chron.com,Non-binary,73.34.65.94,1953-04-29,FR,Virage,2011
570,Tiff,Kaesmakers,tkaesmakersft@latimes.com,Female,219.8.21.71,1956-06-16,AR,Escort,1999
571,Locke,Raistrick,lraistrickfu@chicagotribune.com,Male,109.36.101.14,1961-04-05,FR,Silverado 2500,2006
572,Kirbee,Waby,kwabyfv@163.com,Bigender,88.249.25.27,1971-04-14,ID,Hombre,1997
573,Faythe,Lummis,flummisfw@washingtonpost.com,Female,11.28.108.219,1970-10-25,JP,G3,2009
574,Thomasin,Winchurch,twinchurchfx@newsvine.com,Female,146.215.128.156,1964-11-18,ID,Aurora,1998
575,Basilio,Bonnin,bbonninfy@google.nl,Male,173.44.128.79,1987-10-16,DE,Armada,2012
576,Cally,Abisetti,cabisettifz@go.com,Female,242.8.228.4,1974-02-28,PE,Expedition EL,2010
577,Sherrie,Raubenheimer,sraubenheimerg0@chron.com,Female,197.203.65.162,1962-07-02,YE,X6,2008
578,Rey,Iacopo,riacopog1@house.gov,Female,121.99.26.239,1990-03-25,NG,Azure,2009
579,Molli,Eard,meardg2@wikia.com,Female,194.62.106.227,1990-04-13,GT,Durango,2011
580,Lionello,Frary,lfraryg3@dailymotion.com,Male,35.218.157.13,1990-03-29,FR,Camry,2007
581,Bernadine,Kilshaw,bkilshawg4@stumbleupon.com,Female,184.59.48.188,1977-09-23,BR,Passat,2006
582,Dana,Bednell,dbednellg5@ca.gov,Male,194.80.144.132,1987-07-16,US,Suburban 2500,1997
583,Leeann,Honniebal,lhonniebalg6@lulu.com,Female,54.91.221.15,1971-07-01,NO,F-Series,1989
584,Larissa,McKleod,lmckleodg7@flickr.com,Female,97.22.118.163,1955-07-02,LU,Sebring,1998
585,Pren,Gaskarth,pgaskarthg8@soup.io,Male,112.12.252.18,1961-12-04,SE,Silverado 2500,2006
586,Gael,Michiel,gmichielg9@jigsy.com,Genderqueer,181.7.125.254,1994-02-02,PH,Optima,2003
587,Renata,Fawley,rfawleyga@reverbnation.com,Female,150.58.160.155,1977-10-21,BR,QX,2006
588,Mikkel,Spinozzi,mspinozzigb@utexas.edu,Male,227.122.170.160,1974-04-25,PT,MX-5,2005
589,Morgana,Booty,mbootygc@qq.com,Female,140.161.11.221,1966-02-23,BR,CL-Class,1998
590,Ahmad,Shird,ashirdgd@wisc.edu,Male,229.72.197.47,1972-11-30,YE,X6,2010
591,Hi,Lamacraft,hlamacraftge@sohu.com,Male,54.16.184.223,1999-03-13,CO,Aurora,1998
592,Moore,McDool,mmcdoolgf@storify.com,Male,67.116.216.18,1977-05-25,DO,Corvette,1968
593,Ailey,Worley,aworleygg@virginia.edu,Female,186.67.189.132,1969-02-17,CN,Impala,2001
594,Clare,Chominski,cchominskigh@cmu.edu,Genderqueer,198.46.213.74,1970-12-11,CN,FCX Clarity,2012
595,Roseline,Raimbauld,rraimbauldgi@linkedin.com,Female,170.119.208.42,1952-04-24,RU,Mazdaspeed 3,2012
596,Suzy,Dutt,sduttgj@naver.com,Female,69.186.93.243,1984-12-23,PE,TundraMax,2007
597,Olive,Dungey,odungeygk@cargocollective.com,Female,134.134.142.65,1969-09-18,MA,X3,2008
598,Hillel,Sharrem,hsharremgl@furl.net,Male,5.223.169.214,1956-08-27,CN,FJ Cruiser,2012
599,Dyan,Nutman,dnutmangm@ucoz.com,Genderqueer,32.165.98.1,1954-01-28,SE,Diamante,1993
600,Lorilyn,Waterhous,lwaterhousgn@tamu.edu,Female,76.62.172.68,1968-06-15,PK,Defender,1992
601,Isacco,Domenc,idomencgo@csmonitor.com,Male,55.38.57.100,1959-09-26,CN,MKS,2010
602,Padraic,Brydell,pbrydellgp@w3.org,Male,205.122.169.188,1975-09-22,PH,M,2011
603,Adams,McErlaine,amcerlainegq@deliciousdays.com,Male,43.111.115.24,1997-09-18,CO,A6,2012
604,Anya,Gherardesci,agherardescigr@nationalgeographic.com,Female,92.220.162.112,2000-06-24,CN,Mirage,1994
605,Wenda,Neathway,wneathwaygs@jimdo.com,Female,148.90.23.26,1976-07-04,CN,Venture,2003
606,Jaimie,Lishmund,jlishmundgt@delicious.com,Male,122.55.136.226,1963-03-13,SE,Sorento,2006
607,Ethe,Quilkin,equilkingu@columbia.edu,Male,65.176.160.239,1976-08-26,HN,Swift,1989
608,Cordey,Wigelsworth,cwigelsworthgv@comcast.net,Female,16.187.100.41,1992-06-19,NI,929,1987
609,Oralee,Ship,oshipgw@usda.gov,Female,33.139.38.64,1965-12-21,MG,L-Series,2005
610,Inger,Paler,ipalergx@yahoo.co.jp,Female,190.163.61.141,1981-07-23,PT,Regal,1996
611,Gerri,Giffin,ggiffingy@paginegialle.it,Female,201.254.160.202,1960-03-19,PT,Enclave,2009
612,Marcus,Solleme,msollemegz@zimbio.com,Male,48.238.217.39,1971-08-25,FR,MX-5,2010
613,Kyrstin,Kellock,kkellockh0@homestead.com,Female,152.41.221.170,2000-05-28,UA,Grand Am,1996
614,Carole,Feldberger,cfeldbergerh1@aboutads.info,Female,117.112.36.202,1989-11-13,GR,DeVille,1993
615,Charlotta,Bertelsen,cbertelsenh2@google.cn,Female,27.218.77.13,1972-10-25,CN,Civic Si,2003
616,Lezlie,Rusbridge,lrusbridgeh3@zdnet.com,Female,25.101.138.174,1979-11-29,PH,Santa Fe,2010
617,Stevena,Compton,scomptonh4@zimbio.com,Female,152.248.139.65,1972-01-23,US,Eclipse,2001
618,Tadeas,Padgham,tpadghamh5@disqus.com,Male,108.186.157.91,1987-09-05,FR,Escalade ESV,2003
619,Sybila,Morfield,smorfieldh6@hubpages.com,Female,215.172.41.209,1997-01-17,KG,EXP,1985
620,Tanya,Costellow,tcostellowh7@flavors.me,Female,191.81.107.80,2000-07-30,BA,Corsica,1995
621,Kacy,Terris,kterrish8@ucoz.com,Female,171.243.48.255,1969-04-09,HT,Liberty,2004
622,Cedric,Bungey,cbungeyh9@google.ca,Male,164.18.91.239,1990-08-10,CN,LeSabre,2002
623,Annaliese,Portis,aportisha@addthis.com,Female,198.199.78.59,1991-09-23,ID,Cirrus,1999
624,Beverlee,Harcus,bharcushb@newyorker.com,Female,176.6.170.18,1984-04-10,CN,Galant,2000
625,Ardenia,Titley,atitleyhc@mashable.com,Female,89.247.255.240,1974-08-24,FR,Mark VIII,1994
626,Nealy,Glanton,nglantonhd@unblog.fr,Male,138.42.245.237,1962-12-09,CN,Econoline E350,1997
627,Graehme,Ollett,golletthe@cyberchimps.com,Male,97.34.119.152,1961-01-29,ID,Sierra,2012
628,Lisette,Flawith,lflawithhf@mac.com,Female,114.17.42.5,1975-05-27,MY,Caravan,1993
629,Tibold,Dunphy,tdunphyhg@umn.edu,Male,203.87.118.105,1986-09-25,CN,W201,1989
630,Sara-ann,Jervis,sjervishh@wisc.edu,Female,204.7.131.61,1998-12-31,SE,3 Series,2003
631,Lemuel,Draude,ldraudehi@independent.co.uk,Agender,157.141.3.175,1985-12-25,CM,Paseo,1997
632,Brewster,Torald,btoraldhj@bbb.org,Male,25.45.149.221,1957-11-19,US,Dakota,2005
633,Wells,Samsonsen,wsamsonsenhk@hao123.com,Male,27.6.35.53,1959-12-01,ID,3500,1995
634,Blancha,Dabnot,bdabnothl@themeforest.net,Agender,151.161.171.87,1956-04-04,US,Continental GT,2009
635,Colan,Foat,cfoathm@globo.com,Male,153.63.200.144,1976-10-12,PE,Seville,1992
636,Alanson,Heustace,aheustacehn@g.co,Male,56.188.76.57,1978-03-28,PL,Sable,1991
637,Bibbye,Caldecourt,bcaldecourtho@nih.gov,Female,147.252.205.32,1997-06-12,CN,Tribute,2008
638,Odell,Nelthorpe,onelthorpehp@cargocollective.com,Male,251.9.44.27,1965-12-26,MX,Cutlass,1998
639,Babara,Antoniewicz,bantoniewiczhq@people.com.cn,Female,175.25.52.48,1962-06-30,CN,X6 M,2013
640,Antonin,Akram,aakramhr@goo.ne.jp,Male,131.161.179.20,1982-05-03,MN,Vigor,1993
641,Cassandra,Paoli,cpaolihs@harvard.edu,Bigender,171.106.249.151,1968-03-04,MY,200,1991
642,Taber,Riccardo,triccardoht@surveymonkey.com,Male,144.160.54.97,1976-03-28,RU,Fiesta,2011
643,Franny,Sapir,fsapirhu@artisteer.com,Female,51.121.75.211,1976-07-22,AR,Sierra 1500,2002
644,Caressa,Grigoriev,cgrigorievhv@xing.com,Female,187.235.140.123,1975-10-17,ZA,Rodeo,1995
645,Bat,Huzzey,bhuzzeyhw@unblog.fr,Male,8.238.77.188,1957-02-14,TH,Eclipse,1999
646,Che,Simkins,csimkinshx@exblog.jp,Male,254.46.232.73,2000-08-03,BR,Previa,1991
647,Janot,Orehead,joreheadhy@bravesites.com,Female,31.179.105.160,1955-10-20,PE,Marauder,2004
648,Carver,Chidley,cchidleyhz@rediff.com,Male,134.94.239.80,1995-04-13,CN,Explorer Sport Trac,2004
649,Clayson,Elcomb,celcombi0@bluehost.com,Male,223.127.180.51,1959-10-15,MG,SC,2010
650,Madlin,Shepcutt,mshepcutti1@rambler.ru,Female,151.247.184.138,1964-03-08,ID,Grand Marquis,2008
651,Faith,Bailie,fbailiei2@about.com,Female,55.176.96.176,1997-05-05,PH,Explorer,2006
652,Pembroke,Salmond,psalmondi3@epa.gov,Male,134.168.246.134,1973-01-23,ID,Mustang,1965
653,Priscilla,Sturton,psturtoni4@networksolutions.com,Female,15.118.13.33,1981-01-06,VE,XC70,2010
654,Bobby,Barajas,bbarajasi5@typepad.com,Male,71.55.88.149,1959-10-08,ID,DTS,2009
655,Silva,Skitt,sskitti6@google.ru,Female,107.220.150.95,1975-05-11,PT,A3,2007
656,Joelly,Banbrick,jbanbricki7@nhs.uk,Female,190.50.57.30,1983-04-25,FI,Sedona,2006
657,Johnnie,Witherden,jwitherdeni8@icq.com,Male,36.164.226.218,1989-11-06,RU,530,2005
658,Trina,Bondy,tbondyi9@nymag.com,Female,217.71.116.188,1970-08-02,UA,9-7X,2008
659,Mathilda,Debell,mdebellia@salon.com,Female,81.227.98.19,1968-06-29,RU,MPV,1996
660,Christen,Tonkin,ctonkinib@linkedin.com,Female,35.58.45.66,1971-08-20,IE,Ram Van 2500,1995
661,Vale,Euesden,veuesdenic@google.it,Male,154.61.209.99,1972-01-04,ES,A3,2012
662,Tyson,Lorroway,tlorrowayid@blinklist.com,Male,38.211.59.153,1974-01-25,DO,MX-5,1998
663,Adrea,Buntine,abuntineie@abc.net.au,Female,242.176.38.146,1964-12-19,US,SL-Class,2009
664,Hartwell,Tressler,htresslerif@samsung.com,Male,161.187.96.38,1961-09-17,NL,F250,2001
665,Kile,Gradly,kgradlyig@github.com,Male,199.55.189.129,1978-01-18,AR,Range Rover Sport,2011
666,Guntar,Devonald,gdevonaldih@sun.com,Male,230.191.251.99,1981-07-06,CN,Quest,2009
667,Kendal,Fidilis,kfidilisii@nytimes.com,Male,78.237.177.29,1991-02-21,CN,Range Rover,1987
668,Isobel,Dunmuir,idunmuirij@ucla.edu,Female,222.26.188.72,1994-10-08,CN,BRZ,2013
669,Lucie,Stuke,lstukeik@berkeley.edu,Female,255.102.142.97,1983-03-25,DK,Sonoma,1995
670,Penelopa,Sellen,psellenil@bluehost.com,Female,181.152.179.109,1993-01-29,CN,Sonoma,1994
671,Nicol,De Caville,ndecavilleim@gmpg.org,Male,144.234.140.31,1993-04-06,CN,900,1992
672,Odell,Gommes,ogommesin@shop-pro.jp,Male,209.120.75.203,1979-01-25,BR,GL-Class,2009
673,Bear,Treadgold,btreadgoldio@nationalgeographic.com,Male,197.160.148.251,1979-04-13,TH,Dakota,2009
674,Amble,Hartburn,ahartburnip@geocities.jp,Male,170.3.28.98,1965-12-06,BR,Safari,1995
675,Letisha,Bottom,lbottomiq@github.com,Female,247.171.140.220,1961-03-14,GR,Accent,2000
676,Mercedes,Sharpus,msharpusir@odnoklassniki.ru,Female,9.74.178.198,1999-12-12,CM,Roadmaster,1992
677,Cassie,Sinkins,csinkinsis@webeden.co.uk,Female,58.83.222.105,1963-11-04,CA,Lancer,2010
678,Miner,Stares,mstaresit@edublogs.org,Male,247.60.115.207,1982-05-09,SE,Avalon,1995
679,Kalina,Ebbings,kebbingsiu@soup.io,Female,102.140.70.81,1993-10-20,CN,Ram 2500,2001
680,Obediah,Lawn,olawniv@hp.com,Genderqueer,117.199.199.252,1997-06-28,VN,PT Cruiser,2010
681,Herc,Busher,hbusheriw@theguardian.com,Male,6.73.88.142,1998-09-12,PH,Echo,2004
682,Germain,Daniellot,gdaniellotix@accuweather.com,Male,215.222.69.186,1957-05-06,KE,CL,2002
683,Matthus,Ranvoise,mranvoiseiy@amazon.co.jp,Male,106.209.223.215,1983-10-20,ID,Shadow,1993
684,Kit,Chawkley,kchawkleyiz@google.ca,Female,165.227.18.222,1979-09-14,ID,Patriot,2008
685,Beverly,Fearnall,bfearnallj0@geocities.com,Female,56.62.96.227,1981-04-23,PH,Savana 3500,2000
686,Jaclyn,Durno,jdurnoj1@godaddy.com,Genderqueer,236.46.114.159,1980-08-05,CZ,Passat,2009
687,Agnesse,Aujean,aaujeanj2@jalbum.net,Genderfluid,100.195.206.160,1962-02-14,RS,Golf,1988
688,Van,Brockhurst,vbrockhurstj3@e-recht24.de,Male,75.167.157.53,1995-01-28,CN,Probe,1994
689,Sher,Hatchett,shatchettj4@census.gov,Female,248.93.121.106,1961-02-19,ID,Capri,1986
690,Cchaddie,Gutch,cgutchj5@angelfire.com,Male,36.72.130.139,1954-07-04,CN,TrailBlazer,2005
691,Berry,Murney,bmurneyj6@about.me,Female,148.124.6.160,1955-01-26,RU,Tempest,1966
692,Aretha,Peele,apeelej7@pbs.org,Female,248.210.28.243,1963-10-31,MX,Elantra,2000
693,Gertrude,Burrus,gburrusj8@topsy.com,Female,216.194.244.228,1966-05-19,PH,Astro,1995
694,Gerek,Yosevitz,gyosevitzj9@discuz.net,Male,223.211.236.23,1985-09-22,RU,900,1997
695,Joyann,Godly,jgodlyja@cnn.com,Female,198.128.18.93,1952-09-08,BR,100,1993
696,York,Fuxman,yfuxmanjb@opensource.org,Male,98.192.79.133,1969-06-26,ID,Navigator,2001
697,Lucais,Beri,lberijc@google.ca,Male,169.231.57.221,1993-09-03,CA,Trans Sport,1996
698,Tamiko,Poate,tpoatejd@gizmodo.com,Polygender,100.170.62.36,1962-02-26,CN,Milan,2009
699,Livy,Squibb,lsquibbje@forbes.com,Female,103.224.185.24,1970-07-29,TJ,Grand Prix,1964
700,Lyman,Sirett,lsirettjf@amazon.com,Agender,234.173.145.195,1956-11-04,ID,Aspen,2008
701,Terrell,Heape,theapejg@cisco.com,Male,208.248.236.63,1955-06-15,RU,S40,2007
702,Gordie,Philippart,gphilippartjh@patch.com,Male,177.228.16.186,1961-07-10,BA,Grand Prix,1997
703,Sherie,Rudman,srudmanji@shop-pro.jp,Female,126.43.23.192,1978-01-29,ID,Ram Van 2500,1999
704,Corrie,Aldham,caldhamjj@privacy.gov.au,Female,152.144.55.199,1981-06-22,CN,Jetta,2003
705,Bogey,Coxon,bcoxonjk@sciencedaily.com,Male,10.248.124.231,1953-09-06,ID,Cayman,2007
706,Bria,Ianson,biansonjl@exblog.jp,Genderfluid,164.53.71.91,1962-01-26,NO,Sienna,2003
707,Axe,Barense,abarensejm@symantec.com,Male,139.116.173.100,1982-07-30,BR,3500,1998
708,Darleen,O' Meara,domearajn@imageshack.us,Bigender,249.83.68.125,1971-10-02,CA,LS Hybrid,2012
709,Mathe,Brombell,mbrombelljo@mozilla.com,Male,69.64.44.87,1973-11-10,ID,Park Avenue,2000
710,Jessee,Cavy,jcavyjp@wikispaces.com,Male,66.20.41.118,1953-08-19,UA,Maxima,2007
711,Frannie,Pressey,fpresseyjq@deviantart.com,Bigender,38.170.30.192,1975-11-04,IT,C-Class,2008
712,Fionna,Imms,fimmsjr@nyu.edu,Female,224.43.126.134,1967-10-19,RU,Grand Prix,2000
713,Cyndie,Rait,craitjs@jiathis.com,Female,15.128.35.182,1983-01-04,ID,Milan,2008
714,Cammie,McCaw,cmccawjt@booking.com,Female,208.91.67.213,1966-03-01,BF,C-Class,1994
715,Milly,Cumo,mcumoju@angelfire.com,Female,117.76.118.27,1983-11-08,CN,Cavalier,1999
716,Guss,Kettlestringes,gkettlestringesjv@goo.gl,Male,35.31.171.53,1989-11-23,MX,S2000,2004
717,Joli,Le Sarr,jlesarrjw@gov.uk,Genderqueer,236.228.230.188,1976-03-16,CN,911,2009
718,Farrah,Mulran,fmulranjx@facebook.com,Female,158.203.140.210,1965-12-27,PH,Montego,2005
719,Alvan,Gori,agorijy@statcounter.com,Male,107.50.117.46,1980-05-23,RU,L300,1987
720,Tansy,Beaushaw,tbeaushawjz@wsj.com,Female,75.104.16.160,1987-10-18,PL,Jetta,1998
721,Joshia,Logan,jlogank0@instagram.com,Polygender,142.66.134.2,1994-08-17,EG,Dakota,1995
722,Gareth,Penvarden,gpenvardenk1@tinyurl.com,Agender,94.13.29.92,1955-10-21,JP,Maxima,2012
723,Tate,Eatttok,teatttokk2@wordpress.com,Female,126.129.7.64,1986-09-14,CN,Sienna,1999
724,Sibella,O'Mailey,somaileyk3@examiner.com,Female,102.66.39.125,1952-01-17,ID,Spyder,1989
725,Corny,Tosh,ctoshk4@mail.ru,Polygender,93.35.20.89,1980-09-05,JP,Echo,2000
726,Briggs,Peskett,bpeskettk5@goo.gl,Male,206.151.106.58,1964-03-20,UA,Sierra 2500,2004
727,Jacintha,Gatecliffe,jgatecliffek6@nature.com,Female,34.96.98.225,1992-05-15,PH,Diamante,1999
728,Malory,Dradey,mdradeyk7@imgur.com,Female,23.198.121.109,1976-05-15,WS,Cougar,1988
729,Belinda,Romaynes,bromaynesk8@phpbb.com,Female,167.52.162.115,1952-03-19,ID,Sportage,2001
730,Sybila,Leere,sleerek9@cdc.gov,Female,206.150.104.175,1979-07-22,FR,Commander,2006
731,Gerri,Rowson,growsonka@linkedin.com,Male,235.242.64.146,1969-01-06,AU,W201,1992
732,Corrie,Crotty,ccrottykb@rakuten.co.jp,Female,253.70.5.229,1974-10-09,PH,Esteem,1999
733,Athene,Malyon,amalyonkc@hhs.gov,Female,234.194.210.233,1959-11-11,ID,MX-6,1994
734,Tonie,Pindell,tpindellkd@discovery.com,Female,46.143.223.58,1978-12-06,ID,Mirage,1999
735,Janet,Herrema,jherremake@goo.ne.jp,Female,41.87.50.34,1988-10-20,RU,Sephia,1999
736,Jon,Opdenorth,jopdenorthkf@bluehost.com,Male,222.152.110.21,1995-06-19,ID,F-Series Super Duty,2012
737,Cecil,Eastam,ceastamkg@shop-pro.jp,Male,34.128.212.47,1966-01-29,GB,Grand Prix,1987
738,Adolpho,Medmore,amedmorekh@google.com.br,Male,163.126.106.201,1996-01-12,ID,Optima,2002
739,Wallace,Bamborough,wbamboroughki@google.fr,Male,112.109.206.103,1950-01-25,PH,Santa Fe,2003
740,Cornell,Stedmond,cstedmondkj@360.cn,Male,11.47.36.31,1990-11-30,US,911,1991
741,Fran,Meeson,fmeesonkk@bbc.co.uk,Female,100.20.99.183,1982-11-18,PE,M,2008
742,Roderigo,Lenin,rleninkl@ox.ac.uk,Male,175.155.187.88,1977-05-30,BR,Escalade,2006
743,Carlyle,Petrussi,cpetrussikm@fastcompany.com,Male,59.139.230.159,1996-12-27,FR,Fusion,2012
744,Berty,McGenis,bmcgeniskn@columbia.edu,Male,160.184.74.22,1953-11-19,AR,Challenger,2001
745,Tiffy,Ham,thamko@google.com.au,Female,184.182.185.75,1986-09-07,ID,Ram,2011
746,Collete,Duplain,cduplainkp@berkeley.edu,Female,2.16.166.97,1959-09-28,SY,MX-5,1991
747,Kacey,Trumble,ktrumblekq@imageshack.us,Female,74.88.70.84,1956-03-20,PK,Vibe,2006
748,Lyman,Fonquernie,lfonquerniekr@cornell.edu,Male,133.93.213.165,1987-10-20,PH,Intrepid,2004
749,Hasty,Dionisio,hdionisioks@comcast.net,Male,101.154.140.138,1966-06-02,MG,xA,2004
750,Anni,Koppeck,akoppeckkt@nps.gov,Female,70.3.206.22,1998-09-22,UA,Amanti,2009
751,Chico,Lough,cloughku@timesonline.co.uk,Male,71.226.144.222,1983-09-25,CN,Accord,2007
752,Chrystel,McVie,cmcviekv@hud.gov,Agender,114.161.153.164,1973-04-27,AD,Passport,2002
753,Felice,Teas,fteaskw@sun.com,Female,48.62.132.149,1978-02-21,GH,Laser,1993
754,April,Curdell,acurdellkx@instagram.com,Female,61.194.29.133,1991-11-27,VN,323,1992
755,Lorain,Bromet,lbrometky@unesco.org,Female,250.253.1.189,1958-11-05,RU,Galant,2004
756,Case,Staning,cstaningkz@whitehouse.gov,Male,144.170.129.84,1966-11-19,ID,Legend,1989
757,Sawyere,Wyd,swydl0@scribd.com,Male,184.166.168.112,1999-07-12,KH,RX,2012
758,Emile,Cawley,ecawleyl1@foxnews.com,Male,245.136.76.92,1986-11-24,PH,Ram Van B150,1992
759,Tabatha,Derkes,tderkesl2@webmd.com,Female,54.95.7.22,1959-02-16,PT,Elantra,2008
760,Crystal,Vautrey,cvautreyl3@blogspot.com,Female,178.244.250.220,1957-04-12,IE,Viper,2003
761,Barbee,Orteau,borteaul4@freewebs.com,Female,116.97.174.224,1951-03-17,RU,Impreza WRX,2010
762,Nappy,Buscombe,nbuscombel5@google.com,Male,153.26.112.222,1986-10-15,IT,Vandura 1500,1992
763,Turner,Mathis,tmathisl6@desdev.cn,Male,145.50.91.243,1957-09-27,CN,Passport,2001
764,Hal,Hundall,hhundalll7@deliciousdays.com,Polygender,15.228.227.184,1980-11-09,ID,Pilot,2011
765,Nicky,Lewington,nlewingtonl8@about.me,Male,169.75.164.80,1975-10-19,CN,MINI,2002
766,Adamo,Pharro,apharrol9@i2i.jp,Male,61.63.145.240,1976-06-04,ID,Grand Prix,2004
767,Jerrie,Doumic,jdoumicla@merriam-webster.com,Female,62.131.44.132,1988-01-18,SI,Camaro,2011
768,Anna-diana,Drissell,adrisselllb@ted.com,Female,153.42.191.9,1953-11-14,GH,Corvette,2000
769,Aviva,Hovington,ahovingtonlc@tumblr.com,Female,82.201.96.223,1964-01-12,CA,Corvette,2010
770,Erskine,Costin,ecostinld@trellian.com,Male,53.125.100.182,1997-09-05,UA,Bonneville,1992
771,Waldon,Osmon,wosmonle@cnbc.com,Male,114.230.121.154,1996-10-03,ID,Camry Solara,2008
772,Zahara,Forson,zforsonlf@miitbeian.gov.cn,Female,129.123.174.85,1980-08-21,PE,Odyssey,2003
773,Mario,Patillo,mpatillolg@1und1.de,Male,49.127.38.225,1969-01-23,CN,CLS-Class,2007
774,Vaclav,Maytum,vmaytumlh@slideshare.net,Male,83.157.130.107,1975-04-27,RU,Challenger,2009
775,Mozelle,True,mtrueli@google.co.uk,Female,58.101.194.235,1962-09-09,ID,XK,2012
776,Sibyl,Frenzel;,sfrenzellj@list-manage.com,Male,82.20.112.107,1992-04-24,PT,Spectra5,2006
777,Dagmar,Zeplin,dzeplinlk@jimdo.com,Female,50.130.239.131,1997-01-28,US,Pathfinder,2011
778,Rogerio,Blazewski,rblazewskill@answers.com,Male,230.184.33.128,1977-03-20,CR,5 Series,2007
779,Ferdinand,McQuirk,fmcquirklm@woothemes.com,Genderqueer,228.148.190.137,1981-06-04,UA,LeSabre,1991
780,Craggie,Edel,cedelln@house.gov,Male,103.46.10.67,1974-07-22,SL,Bravada,1996
781,Blane,Nelhams,bnelhamslo@nhs.uk,Male,42.253.116.238,1962-12-06,ID,Regency,1997
782,Henryetta,Adie,hadielp@feedburner.com,Female,133.52.51.203,1998-08-30,CN,Express 2500,1999
783,Etty,Cuttles,ecuttleslq@newyorker.com,Female,253.130.50.71,1969-11-03,PL,Lumina,2000
784,Ashton,Alessandone,aalessandonelr@networkadvertising.org,Genderfluid,11.185.15.115,1992-01-16,PL,Bronco II,1986
785,Joy,Hagergham,jhagerghamls@cpanel.net,Female,210.161.75.58,1956-07-31,JM,Eurovan,1995
786,Filip,Mohamed,fmohamedlt@hexun.com,Male,106.218.190.112,1992-06-22,ID,Celica,2000
787,Jimmy,Toomer,jtoomerlu@wiley.com,Male,102.10.68.197,1985-06-02,CN,Safari,1996
788,Darrel,Pariso,dparisolv@ucoz.com,Male,250.17.191.128,1992-03-26,SE,GS,2011
789,Reuven,Batting,rbattinglw@mail.ru,Male,137.245.51.19,1984-02-17,BR,Lumina,2000
790,Ber,Poacher,bpoacherlx@wunderground.com,Male,14.72.80.76,1951-09-25,RU,Mighty Max Macro,1994
791,Odie,Crosskill,ocrosskillly@weebly.com,Male,172.78.13.68,1974-05-23,RU,Tahoe,2007
792,Rasia,Chinge de Hals,rchingedehalslz@pen.io,Female,21.229.145.237,1990-01-30,UA,Escort,2001
793,Ethelind,Tremayle,etremaylem0@eventbrite.com,Female,204.142.196.193,1957-02-18,ID,3 Series,2000
794,Jeromy,Leggs,jleggsm1@digg.com,Male,189.33.151.96,1974-03-29,TH,G,1996
795,Ajay,De Freyne,adefreynem2@360.cn,Female,172.90.238.230,1999-02-07,HN,500SEC,1993
796,Ardra,Brunstan,abrunstanm3@people.com.cn,Female,164.239.13.200,1999-12-03,PL,Cherokee,1996
797,Kelley,Arthur,karthurm4@samsung.com,Female,226.242.138.243,1950-04-05,US,Breeze,1997
798,Vinni,Trenholme,vtrenholmem5@wiley.com,Female,20.215.106.52,1996-07-29,TH,G-Class,2011
799,Burnard,Whyteman,bwhytemanm6@dailymail.co.uk,Male,246.82.71.9,1954-10-25,CN,Ranger,1986
800,Shawnee,McDonell,smcdonellm7@va.gov,Female,194.146.134.0,1973-05-09,FM,RX-8,2006
801,Edvard,Hosier,ehosierm8@shutterfly.com,Male,118.33.10.13,1996-03-21,CN,Grand Prix,2002
802,Peter,Marusic,pmarusicm9@dedecms.com,Male,147.7.86.135,1981-06-25,FJ,M,2003
803,Sayers,Deacock,sdeacockma@shareasale.com,Male,195.230.141.230,1966-10-13,RU,F250,2002
804,Granny,Retchless,gretchlessmb@histats.com,Male,112.175.121.238,1980-11-22,MD,Discovery,1997
805,Alanson,Freddi,afreddimc@ed.gov,Non-binary,2.102.184.212,1996-09-24,ID,TrailBlazer,2005
806,Bertine,Jeannesson,bjeannessonmd@4shared.com,Female,20.67.159.141,1981-06-15,JP,Tracer,1992
807,Adolphe,Morrice,amorriceme@theglobeandmail.com,Male,155.124.110.23,1968-03-17,CN,Legend,1993
808,Camala,Piatkowski,cpiatkowskimf@dropbox.com,Female,130.32.158.232,1972-12-02,FR,Daewoo Magnus,2004
809,Mac,Trimming,mtrimmingmg@webnode.com,Male,186.216.121.101,1980-04-22,CR,Sienna,2011
810,Shirlene,Mitchel,smitchelmh@homestead.com,Bigender,66.86.10.117,1978-08-31,ET,Escort,1998
811,Caryn,Westmoreland,cwestmorelandmi@google.it,Female,9.106.190.231,1992-09-06,PT,D350 Club,1993
812,Valentin,Breitling,vbreitlingmj@about.me,Male,10.247.117.17,1997-01-21,CN,Silverado 2500,2009
813,Martie,Oldcroft,moldcroftmk@army.mil,Female,158.206.188.39,1961-12-31,AE,207,2006
814,Rozella,Dziwisz,rdziwiszml@typepad.com,Female,105.121.222.231,1989-07-01,CN,HHR,2008
815,Winifield,Ferrierio,wferrieriomm@umich.edu,Genderfluid,45.82.70.229,1999-04-16,ID,Econoline E150,1996
816,Demetrius,Dicte,ddictemn@mozilla.com,Non-binary,14.114.159.128,1988-02-23,VN,968,1993
817,Connor,Villiers,cvilliersmo@google.nl,Male,14.84.56.248,1982-07-24,CN,Grand Marquis,2004
818,Jandy,Wolfer,jwolfermp@redcross.org,Female,144.160.212.65,1957-10-18,RU,TundraMax,2007
819,Adrianne,Matussov,amatussovmq@mozilla.com,Female,231.11.218.40,1965-01-28,CN,Sierra,2008
820,Tilda,Bartlosz,tbartloszmr@gov.uk,Polygender,197.10.118.174,1970-03-22,DE,Quattroporte,1985
821,Aguie,Maltby,amaltbyms@spotify.com,Male,206.216.89.182,1991-11-04,PL,Venza,2011
822,Weber,Healy,whealymt@slate.com,Male,145.175.42.38,1963-02-09,JP,Elantra,2007
823,Maxim,Fullard,mfullardmu@dyndns.org,Male,189.247.254.76,1962-08-05,PL,Galant,2001
824,Jana,Collocott,jcollocottmv@arstechnica.com,Female,59.189.247.190,1992-08-24,ID,Astro,1995
825,Arabele,Petroulis,apetroulismw@friendfeed.com,Female,88.24.19.236,1957-02-10,US,1500,1993
826,Jude,Speares,jspearesmx@huffingtonpost.com,Male,241.9.147.31,1971-05-29,PH,7 Series,1992
827,Field,Slocumb,fslocumbmy@smh.com.au,Genderfluid,101.56.142.253,1971-04-28,RU,Ram Van B250,1993
828,Arte,Cotterell,acotterellmz@imdb.com,Male,65.238.2.122,1954-09-10,TH,626,1997
829,Nara,Fieldsend,nfieldsendn0@goo.ne.jp,Female,101.164.60.242,1987-02-25,HK,Monte Carlo,2004
830,Tyrone,Bentje,tbentjen1@hubpages.com,Male,98.65.66.52,1995-02-23,SI,Brat,1984
831,Betty,Staziker,bstazikern2@bravesites.com,Female,109.219.225.171,1961-06-04,PT,LS Hybrid,2011
832,Deonne,Petofi,dpetofin3@meetup.com,Female,18.87.71.85,1997-08-03,US,Lancer Evolution,2004
833,Hilliard,Imlaw,himlawn4@fc2.com,Male,154.114.143.172,1977-02-17,ID,Montero,2001
834,Ellsworth,Antonescu,eantonescun5@xing.com,Male,254.188.111.29,1964-01-23,PH,D250,1992
835,Karee,Baukham,kbaukhamn6@webmd.com,Female,94.86.169.91,1970-05-30,RU,Colorado,2011
836,Emmett,Lahy,elahyn7@pagesperso-orange.fr,Male,164.112.113.114,1997-04-12,ID,GTI,1985
837,Nadia,Davis,ndavisn8@tinypic.com,Female,98.14.238.146,1959-01-13,YE,Cruze,2011
838,Terrel,Goolding,tgooldingn9@blogs.com,Male,94.251.117.172,1975-10-16,RU,S10,1993
839,Tawsha,Shipston,tshipstonna@blinklist.com,Female,146.13.180.32,1980-12-23,TH,1000,1986
840,Thornton,Yewdale,tyewdalenb@quantcast.com,Male,150.144.207.5,1984-09-17,DE,Countach,1989
841,Abbie,Batte,abattenc@squarespace.com,Female,65.195.233.150,1984-07-24,PL,Range Rover,2012
842,Caresse,Youthead,cyoutheadnd@addtoany.com,Female,221.63.134.180,1966-07-29,CN,Tempo,1994
843,Brier,O'Scully,boscullyne@imageshack.us,Female,28.203.103.101,1959-08-07,RU,Mirage,1994
844,Madelina,Bianco,mbianconf@house.gov,Female,117.12.247.255,1979-10-19,AF,RX,2006
845,Cos,Copestick,ccopestickng@youtube.com,Male,77.98.190.168,1973-11-20,UA,Miata MX-5,2004
846,Arielle,Toth,atothnh@photobucket.com,Female,46.70.136.92,1980-06-15,US,CR-V,2002
847,Geoffrey,Cordle,gcordleni@tiny.cc,Male,37.237.171.152,1962-05-25,ID,Legend,1995
848,Gail,Wellfare,gwellfarenj@flavors.me,Male,116.167.20.2,1956-10-13,MY,Festiva,1989
849,Norby,Konzelmann,nkonzelmannnk@paypal.com,Male,113.183.94.24,1958-02-15,ID,960,1992
850,Kele,Beslier,kbesliernl@shop-pro.jp,Male,247.70.58.244,1966-07-26,PL,X6,2010
851,Caldwell,Waggatt,cwaggattnm@bandcamp.com,Genderqueer,18.64.155.234,1975-02-25,MX,Continental GT,2009
852,Luisa,Haverson,lhaversonnn@github.io,Female,149.65.161.128,1985-01-25,HR,Echo,2002
853,Elinor,Stanger,estangerno@hhs.gov,Female,229.20.53.23,1965-02-13,PH,Maxima,2003
854,Robinia,Colegate,rcolegatenp@fema.gov,Female,42.163.46.121,1967-11-05,RS,B-Series,1995
855,Elsworth,Steketee,esteketeenq@vimeo.com,Non-binary,27.43.241.234,1995-09-17,GR,F350,1995
856,Raimondo,Laundon,rlaundonnr@washingtonpost.com,Male,189.184.195.37,1990-07-08,ES,Suburban 2500,2012
857,Garrick,Edards,gedardsns@simplemachines.org,Male,7.86.126.226,1960-08-03,PH,LR3,2009
858,Kory,McCann,kmccannnt@youtu.be,Male,133.105.201.193,1990-03-16,SE,Matrix,2011
859,Brita,Grenkov,bgrenkovnu@scientificamerican.com,Female,40.88.173.235,1976-03-16,PE,Sienna,2006
860,Zara,Grizard,zgrizardnv@ezinearticles.com,Female,21.75.205.250,1975-06-27,DK,RX,2001
861,Lorry,Jzhakov,ljzhakovnw@edublogs.org,Female,49.89.55.90,1958-11-01,MA,Thunderbird,1989
862,Gene,Kevern,gkevernnx@photobucket.com,Male,176.117.226.100,1992-05-15,MK,CTS,2007
863,Lola,Landal,llandalny@hugedomains.com,Non-binary,218.2.111.73,1951-10-10,FR,Diamante,2001
864,Swen,Hogbin,shogbinnz@mapquest.com,Male,113.245.108.22,1957-01-10,FR,Previa,1994
865,Arlin,Aseef,aaseefo0@newsvine.com,Male,44.141.23.245,1950-01-19,RU,Ram 1500,2006
866,Rickie,Weavill,rweavillo1@symantec.com,Male,1.85.111.119,1966-09-11,PH,Venture,2003
867,Harri,Botha,hbothao2@google.ca,Female,115.23.213.149,1974-08-12,CN,Neon,1999
868,Florenza,Reddy,freddyo3@creativecommons.org,Polygender,245.167.68.234,1958-06-21,CO,Savana 3500,1998
869,Shaine,Trimmell,strimmello4@php.net,Genderfluid,199.183.6.209,1999-01-14,CN,Navigator L,2008
870,Bird,Kubat,bkubato5@fda.gov,Female,175.182.103.153,1963-01-28,TN,500SEL,1992
871,Georg,Bounde,gboundeo6@mapy.cz,Male,33.136.17.211,1962-04-16,CN,Versa,2012
872,Stinky,Juppe,sjuppeo7@dmoz.org,Male,69.57.140.145,1971-01-09,RU,Sedona,2008
873,Hillier,Piscopiello,hpiscopielloo8@wix.com,Male,80.52.36.42,1977-07-08,MX,Fairlane,1967
874,Essa,Showl,eshowlo9@hhs.gov,Female,0.80.233.189,1995-03-26,SE,240SX,1998
875,Lorrie,Gribbon,lgribbonoa@mediafire.com,Female,10.44.129.214,1964-05-08,MM,Suburban 2500,1999
876,Giles,Andrzejewski,gandrzejewskiob@seesaa.net,Male,119.248.157.163,1984-10-22,SY,Achieva,1995
877,Connie,Edy,cedyoc@cocolog-nifty.com,Male,169.134.83.54,1971-12-08,UA,Golf,1998
878,Marcello,Sclater,msclaterod@prlog.org,Male,138.157.34.98,2000-03-30,CN,X5,2006
879,Dasi,Lynthal,dlynthaloe@nih.gov,Female,95.145.64.168,1990-07-21,CO,MDX,2001
880,Mab,Povey,mpoveyof@blogger.com,Female,54.133.148.28,1961-02-22,PL,Terraza,2006
881,Lindy,Lage,llageog@biblegateway.com,Female,147.227.182.245,1990-12-04,FR,Century,2001
882,Austin,MacClure,amacclureoh@xinhuanet.com,Female,175.211.92.221,1974-12-22,PH,Mustang,1970
883,Morissa,Gendrich,mgendrichoi@merriam-webster.com,Female,26.209.40.64,1997-01-08,US,Sable,2000
884,Kristy,Vassman,kvassmanoj@apache.org,Female,248.111.246.99,1986-05-13,RU,Bonneville,2003
885,Courtenay,MacManus,cmacmanusok@macromedia.com,Female,200.23.85.126,1990-01-21,PT,Sephia,1994
886,Valma,Jecock,vjecockol@npr.org,Female,52.226.185.5,1997-09-29,RU,Galant,2006
887,Brod,Pfeffel,bpfeffelom@simplemachines.org,Male,209.102.195.12,1973-01-28,ID,XJ Series,2001
888,Enos,Salery,esaleryon@examiner.com,Male,35.18.12.160,1987-05-18,CN,G-Series G10,1995
889,Lanni,Dungay,ldungayoo@disqus.com,Genderfluid,60.128.153.227,1966-10-20,HR,RAV4,2008
890,Aline,Tarbath,atarbathop@tripadvisor.com,Female,80.195.114.172,1980-01-18,CZ,Dakota,2002
891,Itch,Poolton,ipooltonoq@ning.com,Male,109.160.27.231,1970-06-15,CN,C30,2013
892,Tildi,Capelen,tcapelenor@ehow.com,Female,116.190.22.143,1961-04-22,PF,Yukon XL,2006
893,Brigg,Peiro,bpeiroos@163.com,Male,168.13.211.168,1970-12-02,AR,Land Cruiser,2001
894,Selle,Caustic,scausticot@ft.com,Female,170.138.9.56,1997-01-01,CN,Aerostar,1989
895,Fifine,Jorio,fjorioou@netvibes.com,Female,131.201.174.35,1967-08-08,PT,GS,2000
896,Ariel,Boag,aboagov@booking.com,Male,17.255.51.33,1968-11-22,KE,Fortwo,2009
897,Nedi,Libero,nliberoow@studiopress.com,Female,126.206.244.119,1961-01-09,CO,Xtra,1995
898,Nevil,Eminson,neminsonox@fema.gov,Male,189.42.142.170,1974-07-06,ID,6000,1990
899,Anestassia,Huyhton,ahuyhtonoy@typepad.com,Female,78.111.30.10,1957-07-18,ID,Grand Caravan,2003
900,Silvana,Mann,smannoz@nba.com,Female,125.121.104.155,1975-10-10,EE,S6,2002
901,Saxon,Gauge,sgaugep0@blog.com,Male,117.81.136.213,1951-05-23,LK,Rapide,2012
902,Cyb,Hillett,chillettp1@hatena.ne.jp,Female,88.48.146.65,1976-01-24,MU,Mustang,1967
903,Arnie,Poynter,apoynterp2@harvard.edu,Male,209.88.144.253,1970-11-23,FR,A8,1999
904,Danica,Bellay,dbellayp3@washingtonpost.com,Female,111.180.249.7,1968-05-09,VN,Jimmy,1992
905,Henryetta,Petrazzi,hpetrazzip4@alibaba.com,Female,187.155.158.238,1966-11-18,CU,Regal,1989
906,Shalne,Saffen,ssaffenp5@last.fm,Female,215.77.121.253,1983-09-27,MR,F150,1984
907,Devi,Riding,dridingp6@un.org,Female,109.144.128.44,1971-10-06,CN,xB,2010
908,Breena,Mulcock,bmulcockp7@zimbio.com,Female,2.225.101.63,1969-09-08,CN,Supra,1992
909,Kermie,Balffye,kbalffyep8@usgs.gov,Male,191.184.203.143,1977-01-23,MG,228,1989
910,Anna,Minot,aminotp9@wikimedia.org,Female,254.124.186.199,1994-11-30,PH,62,2012
911,Katleen,Handyside,khandysidepa@bing.com,Female,60.21.110.247,1967-06-07,SE,EXP,1987
912,Kenny,Meakes,kmeakespb@jalbum.net,Male,216.37.125.239,1968-06-07,VE,Mariner,2007
913,Dukey,Linnett,dlinnettpc@ucla.edu,Bigender,198.251.245.172,1995-11-19,CN,Grand Prix,2001
914,Gardy,Barkway,gbarkwaypd@latimes.com,Non-binary,255.203.72.47,1960-09-12,CN,Traverse,2011
915,Zita,MacEntee,zmacenteepe@bloomberg.com,Female,183.17.193.66,1955-08-31,RU,E150,2009
916,Ema,Howler,ehowlerpf@bloglines.com,Female,104.56.26.59,1972-07-09,NG,928,1988
917,Felicio,Swinburn,fswinburnpg@home.pl,Male,9.12.234.29,1964-05-02,PT,M6,2006
918,Tate,Helks,thelksph@nsw.gov.au,Female,37.111.10.120,1966-04-17,CZ,Voyager,1994
919,Mehetabel,Sneller,msnellerpi@businesswire.com,Female,250.84.147.244,1994-07-18,IE,Elise,2006
920,Rinaldo,Lidden,rliddenpj@delicious.com,Male,194.176.239.60,2000-11-23,UG,Range Rover,1989
921,Elisha,Sweett,esweettpk@over-blog.com,Genderfluid,92.239.75.13,1956-02-22,LV,Astro,2005
922,Vladimir,Brodeur,vbrodeurpl@mac.com,Male,171.13.47.172,1972-09-11,NA,Club Wagon,1996
923,Mohandis,Pettinger,mpettingerpm@guardian.co.uk,Male,141.90.143.216,1951-04-09,CZ,Stratus,1995
924,Stacee,Berringer,sberringerpn@xinhuanet.com,Female,143.28.118.238,1980-07-05,ID,Voyager,1993
925,Clementina,Rogeron,crogeronpo@vistaprint.com,Female,212.10.137.109,1995-12-17,BD,Nitro,2010
926,Baxie,McComb,bmccombpp@nps.gov,Male,75.247.42.141,1954-12-17,ID,Traverse,2012
927,June,Wyles,jwylespq@sitemeter.com,Female,165.61.97.112,1994-03-29,BY,Azera,2009
928,Chrisy,McClary,cmcclarypr@usda.gov,Male,1.98.185.96,1971-06-09,ID,Taurus,1995
929,Joan,Tamlett,jtamlettps@unc.edu,Female,200.130.177.111,1975-02-15,SE,Continental,2006
930,Redd,Redholls,rredhollspt@a8.net,Male,255.110.226.99,1962-11-08,PT,E-Series,1996
931,Gilburt,Lofting,gloftingpu@sogou.com,Male,217.182.243.104,1985-12-06,PT,Navigator,2000
932,Micheal,Ebbotts,mebbottspv@uol.com.br,Male,46.169.251.13,1966-06-02,CD,Ramcharger,1992
933,Joe,Ongin,jonginpw@ezinearticles.com,Male,219.7.0.61,1963-06-15,YE,Astro,1999
934,Marion,Becks,mbeckspx@dedecms.com,Female,76.216.149.119,1965-01-05,CN,E-Series,2005
935,Malina,Reilingen,mreilingenpy@newyorker.com,Agender,52.145.7.161,1968-08-11,KP,Millenia,2000
936,Helene,O'Canavan,hocanavanpz@stanford.edu,Female,216.185.113.19,1992-02-22,RS,Regal,1991
937,Adriano,Mathias,amathiasq0@seesaa.net,Male,50.245.123.248,1960-03-17,TH,Jetta,2010
938,Salomone,Goudge,sgoudgeq1@jiathis.com,Male,217.105.238.166,1980-03-25,ID,Corvette,1958
939,Manon,Madoc-Jones,mmadocjonesq2@abc.net.au,Female,52.197.171.254,1978-11-18,MK,Escape,2013
940,Elias,Madgett,emadgettq3@timesonline.co.uk,Male,81.8.213.168,1974-04-07,IR,Mirage,2000
941,Sterne,Tongs,stongsq4@cafepress.com,Male,17.201.149.223,1983-03-17,BR,M5,2009
942,Artair,Bromwich,abromwichq5@ocn.ne.jp,Male,12.116.55.64,1961-02-13,CN,XC90,2013
943,Dannie,Charley,dcharleyq6@blog.com,Non-binary,75.158.25.215,1954-02-14,IE,Vigor,1992
944,Coretta,Pert,cpertq7@icq.com,Female,105.33.128.159,1962-08-13,CO,Ranger,1986
945,Ettore,Goldson,egoldsonq8@telegraph.co.uk,Male,22.54.30.241,1968-05-22,CO,3500,1996
946,Belita,Helks,bhelksq9@wordpress.com,Female,233.185.55.108,1997-12-27,PH,Safari,2005
947,Iosep,Scopes,iscopesqa@usatoday.com,Male,86.117.228.182,1965-09-04,CN,4Runner,2003
948,Lianna,How to preserve,lhowtopreserveqb@sina.com.cn,Female,132.168.172.155,1976-04-28,PL,VUE,2003
949,Tamera,Penlington,tpenlingtonqc@nymag.com,Female,70.48.198.102,1962-10-26,GR,Xtra,1992
950,Donavon,Bodega,dbodegaqd@ox.ac.uk,Male,68.201.214.43,1977-02-02,PH,Stealth,1995
951,Dell,Lawford,dlawfordqe@skype.com,Male,193.132.49.142,1974-01-20,CF,1 Series,2011
952,Alexandr,Threadgall,athreadgallqf@geocities.jp,Male,6.183.94.208,1991-04-05,VE,Concorde,1994
953,Jerrie,Piborn,jpibornqg@prweb.com,Agender,49.213.46.227,1992-10-23,CN,Outlander,2011
954,Johnny,Ivett,jivettqh@nationalgeographic.com,Male,177.68.95.156,2000-02-17,ID,G-Series 1500,1997
955,Victor,Hartgill,vhartgillqi@apple.com,Male,211.200.249.183,1970-03-26,EC,MX-6,1988
956,Jere,Dovington,jdovingtonqj@networksolutions.com,Female,30.30.43.119,1993-06-01,CN,1500 Club Coupe,1996
957,Alexine,Lackeye,alackeyeqk@geocities.jp,Female,173.204.254.200,1970-01-26,NG,M-Class,2007
958,Zane,Abbet,zabbetql@hao123.com,Male,9.82.137.174,1970-11-24,PL,Tacoma,2005
959,Marget,McGarel,mmcgarelqm@sogou.com,Female,77.134.236.69,1963-03-11,RU,Taurus,2008
960,Agnes,Marrow,amarrowqn@archive.org,Female,140.46.97.235,1989-10-16,PH,M3,2010
961,Aryn,Aldus,aaldusqo@harvard.edu,Female,247.133.122.238,1991-10-17,TH,Eclipse,2007
962,Vick,Raulstone,vraulstoneqp@dropbox.com,Male,149.89.70.48,1980-07-11,ID,Sonata,2005
963,Bond,Kehri,bkehriqq@bloglines.com,Male,111.178.16.215,1996-11-26,EG,F350,2000
964,Norbie,Higgonet,nhiggonetqr@sciencedaily.com,Bigender,123.152.216.33,1974-05-19,CN,Avalanche,2009
965,Levey,Suddell,lsuddellqs@ed.gov,Male,194.56.187.100,1959-07-10,PE,GT500,1968
966,Nat,Brusby,nbrusbyqt@amazon.co.uk,Male,17.27.102.91,1988-02-27,CO,Roadmaster,1996
967,Laney,Parmeter,lparmeterqu@issuu.com,Female,40.62.10.56,1980-04-27,TH,Traverse,2011
968,Benjamin,Naton,bnatonqv@dailymotion.com,Male,92.253.39.20,1975-07-18,MA,F-Series,1991
969,Casi,Drynan,cdrynanqw@vkontakte.ru,Female,91.61.218.1,1978-12-18,BR,Range Rover,1993
970,Cob,Wingeat,cwingeatqx@dot.gov,Male,39.104.19.218,1960-08-04,ID,Monte Carlo,1997
971,Keslie,Rameau,krameauqy@squarespace.com,Female,147.208.75.214,1950-04-23,RU,Coachbuilder,1991
972,Sharai,Slane,sslaneqz@mac.com,Female,154.37.84.56,1966-07-29,AR,Passat,2009
973,Abie,Gidman,agidmanr0@slashdot.org,Male,144.11.9.38,1979-06-07,BY,S10 Blazer,1994
974,Annamarie,Corish,acorishr1@comcast.net,Female,214.11.237.111,2000-08-13,CN,Ram 3500 Club,1995
975,Sabine,Aleixo,saleixor2@globo.com,Agender,231.33.165.221,1959-12-02,PH,Prizm,1999
976,Ellen,Parish,eparishr3@bbc.co.uk,Female,224.235.32.77,1997-04-02,PL,Econoline E350,2000
977,Quentin,Bangle,qbangler4@microsoft.com,Female,29.91.73.96,1984-06-19,ZA,SL65 AMG,2006
978,Hartley,Jefferson,hjeffersonr5@slideshare.net,Male,76.41.132.141,1990-08-14,TN,Grand Prix,1994
979,Jerrilyn,Oury,jouryr6@digg.com,Female,68.137.138.8,1953-03-25,FR,Monte Carlo,2005
980,Ainslee,Hansel,ahanselr7@google.co.jp,Female,108.128.71.246,2000-01-22,CY,Camry,2001
981,Spence,Ibbeson,sibbesonr8@cam.ac.uk,Male,118.255.203.18,1961-06-02,CN,2500,1997
982,Winifred,Tures,wturesr9@rakuten.co.jp,Female,64.51.188.184,1959-05-23,PL,Tacoma Xtra,1998
983,Verena,Blumire,vblumirera@harvard.edu,Female,56.195.206.198,1995-04-24,LY,Regal,1986
984,Cordi,Guilloud,cguilloudrb@yellowbook.com,Female,234.243.168.107,1961-04-09,FR,B-Series Plus,1997
985,Alma,Orbell,aorbellrc@chron.com,Genderfluid,241.193.144.34,1972-01-22,IT,CTS,2006
986,Morrie,Barnwell,mbarnwellrd@cnbc.com,Male,109.211.62.179,1985-07-13,PL,L-Series,2005
987,Alon,Unitt,aunittre@macromedia.com,Male,209.139.73.139,1977-04-05,FR,IS,2009
988,Thomas,Simner,tsimnerrf@biblegateway.com,Male,208.142.223.111,1950-05-23,SE,MDX,2011
989,Terese,Trowle,ttrowlerg@discovery.com,Female,195.15.174.159,1950-11-26,BR,Taurus,2003
990,Madelene,Morando,mmorandorh@bloglovin.com,Female,17.212.61.8,1983-08-31,CN,Roadster,2010
991,Tammie,Nucciotti,tnucciottiri@amazon.de,Male,243.240.51.107,1997-08-14,CN,Taurus,1991
992,Stearn,Packer,spackerrj@pbs.org,Male,139.132.191.28,1980-02-13,ID,Patriot,2012
993,Pat,Arnault,parnaultrk@pbs.org,Female,196.112.225.80,1992-07-12,CN,Mustang,1974
994,Bren,Brister,bbristerrl@google.com.br,Female,79.226.240.194,1989-03-11,SE,RX,2010
995,Freddi,Laidel,flaidelrm@oaic.gov.au,Genderfluid,193.39.77.128,1961-04-21,CN,3 Series,2010
996,Twyla,Corley,tcorleyrn@jigsy.com,Female,198.208.186.9,1950-07-26,AU,CL-Class,2011
997,Dietrich,Damsell,ddamsellro@booking.com,Male,5.148.252.98,1981-02-07,JP,A3,2012
998,Morganica,Nary,mnaryrp@tiny.cc,Female,71.143.165.97,1961-07-25,GR,Prelude,1994
999,Fredelia,Havik,fhavikrq@chronoengine.com,Female,50.136.181.136,1976-02-12,RU,Caprice,1996
1000,Borden,Standage,bstandagerr@ustream.tv,Male,131.45.151.191,1958-12-10,CN,Avenger,2012
